Date,Text,Hashtag
2021-02-01,"[' ', 'ประชาชน', ' ', '2', ' ', ' ', '3', ' ', 'รู้', ' ', 'วิธี', 'เช็ค', 'สิทธิ', 'รับเงิน', ' ', '7000', ' ', 'บาท', ' ', ' ', 'www', 'ชนะ', 'com', ' ', 'รับเงิน', '   ']","['#เราชนะ', '#เป๋าตัง', '#กรุงเทพธุรกิจ', '#กรุงเทพธุรกิจออนไลน์']"
2021-02-01,"['ชนะ', ' ', 'ลงทะเบียน', ' ', 'www', 'ชนะ', 'com', ' ', 'วง', 'เงินช่วยเหลือ', 'ค่าครองชีพ', ' ', '7000', ' ', 'บาท', ' ', '2', ' ', 'แอปพลิเคชั่น', 'ชนะ', ' ', 'แอ', 'ปฯ', 'เป๋า', 'ตัง', ' ', 'แอ', 'ปฯ', 'ถุงเงิน', ' ', 'ทำ', ' ', 'ขั้นตอน', 'สมัคร', ' ', 'วิธี', 'ใช้งาน', ' ', 'เช็ก', 'ที่นี่', '    ']","['#เราชนะ', '#เป๋าตัง', '#ถุงเงิน']"
2021-02-01,"['ชนะ', ' ', 'ลงทะเบียน', ' ', 'www', 'ชนะ', 'com', ' ', 'วง', 'เงินช่วยเหลือ', 'ค่าครองชีพ', ' ', '7000', ' ', 'บาท', ' ', '2', ' ', 'แอปพลิเคชั่น', 'ชนะ', ' ', 'แอ', 'ปฯ', 'เป๋า', 'ตัง', ' ', 'แอ', 'ปฯ', 'ถุงเงิน', ' ', 'ทำ', ' ', 'ขั้นตอน', 'สมัคร', ' ', 'วิธี', 'ใช้งาน', ' ', 'เช็ก', 'ที่นี่', '    ']","['#เราชนะ', '#เป๋าตัง', '#ถุงเงิน']"
2021-02-01,"['อี', 'แอพ', 'เป๋า', 'ตัง', 'ขยัน', 'อัพเดต', 'อัพเดต', 'เหมือน', 'เด', 'ิ', 'งง', 'อัพเดต', 'เม', 'ม', 'เต็ม', 'หรอ', ' ']",['#เป๋าตัง']
2021-02-01,"['รู้', ' ', 'บช', 'กรุงไทย', 'ผูก', 'เป๋า', 'ตัง', 'โอน', 'เงิน', 'Gwallet', ' ', 'ปกติ', 'โอน', 'krungthai', ' ', ' ', '55555', ' ', 'แง้', 'ขอบคุณ', 'ตัวเอง', 'ผูก', 'บช', ' ', 'เงินสด', 'ติดตัว', ' ', 'อด', 'กินข้าว', '   ']","['#กรุงไทยล่ม', '#เป๋าตัง', '#คนละครึ่ง']"
2021-02-01,"['เติม', 'เงิน', 'เป๋า', 'ตัง', 'เงิน', ' ', 'ตัด', 'เงิน', 'แล้วด้วย', ' ', 'วะ', '  ']","['#เป๋าตัง', '#scbล่ม']"
2021-02-01,"['เติม', 'เงิน', 'แอพ', ' ', 'ตัด', 'เงิน', ' ', 'เงิน', '  ']","['#scbล่ม', '#เป๋าตัง']"
2021-02-01,"['เงิน', 'แอ', 'ป', ' ', 'รอ', 'นะคะ', ' ', 'เ', 'เจ้ง', '  ', 'คน', 'คอย', 'ใจจะขาด', '   ']","['#เป๋าตัง', '#scbล่ม']"
2021-02-01,"['เติม', 'เงิน', ' ', 'เป๋า', 'ตัง', ' ', 'เงิน', ' ', 'ใร', ' ', 'เงิน', '  ']","['#เป๋าตัง', '#เราชนะ']"
2021-02-01,"['ว', ' ', 'อิ', 'เหี้ย', ' ', 'อัพเดท', 'ใช้ไม่ได้', ' ', 'เด้ง', ' ', 'ลบ', 'โหลด', 'สแกน', 'ห', ' ', 'โง่', 'เพื่อน', ' ']",['#เป๋าตัง']
2021-02-01,"['เติม', 'เงิน', 'เป๋า', 'ตัง', ' ', 'เงิน', 'ออกจาก', 'ธนาคาร', 'เป๋า', 'ตัง', ' ', 'อี', 'เวน', '  ']","['#เป๋าตัง', '#scbล่ม']"
2021-02-01,"['เติม', 'เงิน', '  ', 'เงิน', ' ']","['#SCB', '#เป๋าตัง']"
2021-02-01,"['เติม', 'เงิน', 'เงิน', ' ', 'ฮื้อ', 'กินข้าว', ' ', 'คน', 'เติม', 'scb', 'เห', 'มื่อน', 'ไหม', ' ']",['#เป๋าตัง']
2021-02-02,"['สุ', 'ระ', 'ชัย', ' ', 'เอี่ยม', 'วชิร', 'สกุล', ' ', 'ผู้อำนวยการ', 'องค์', 'การขนส่งมวลชน', 'กรุงเทพ', ' ', 'เผย', ' ', 'เตรียม', 'จำหน่าย', 'บัตร', 'โดยสาร', 'ล่วงหน้า', 'อิเล็กทรอนิกส์', 'สิทธิ์', 'โครงการ', ' ', '“”', ' ', 'ซื้อ', 'แอปพลิเคชัน', ' ', '“”', ' ', ' ', 'จุด', 'จำหน่าย', ' ', 'สัญลักษณ์', ' ', '“', 'ชนะ', '”', ' ', ' ', '30', ' ', ' ', ' ', '18', ' ', 'กพ', '  ', '31', ' ', 'พค', ' ', '2564', ' ']","['#เราชนะ', '#เป๋าตัง']"
2021-02-02,"[' ', 'รถเมล์', '  ', 'สำหรับ', 'สิทธิ์', 'ชนะ', ' ', 'ซื้อ', 'บัตร', 'โดยสาร', 'ล่วงหน้า', 'อิเล็กทรอนิกส์', 'ประเภท', ' ', 'แอปพลิเคชัน', '  ', ' ', 'จุด', 'จำหน่าย', 'แนบ', 'รูป', ' ', ' ', '18', ' ', 'กุมภาพันธ์', ' ', ' ', '31', ' ', 'พฤษภาคม', 'สอบถาม', 'รายละเอียด', '  ']","['#เราชนะ', '#ขสมก', '#เป๋าตัง']"
2021-02-02,"[' ', 'สนับสนุน', 'นโยบาย', 'รัฐบาล', 'ช่วยเหลือ', 'ผู้ให้บริการ', 'ขนส่ง', 'สาธารณะ', ' ', 'ลงทะเบียน', 'โครงการ', ' ', '“', 'ชนะ', '”', 'ฐานะ', 'ร้านค้า', 'ช่องทาง', 'โอกาส', 'ประกอบอาชีพ', 'ลงทะเบียน', 'เว็บไซต์', ' ', 'www', 'ชนะ', 'com', ' ', 'วันที่', ' ', '29', ' ', 'มกราคม', '  ', '31', ' ', 'มีนาคม', ' ', '2564', '     ']","['#กรมเจ้าท่า', '#กระทรวงคมนาคม', '#เราชนะ', '#เป๋าตัง', '#เรือโดยสาร']"
2021-02-02,"[' ', 'เปิดรับ', 'มีสิทธิ์', ' ', 'โครงการ', ' ', '“', 'ชนะ', '”', ' ', 'ซื้อ', 'บัตร', 'โดยสาร', 'ล่วงหน้า', 'อิเล็กทรอนิกส์', ' ', 'ประเภท', ' ', 'แอปพลิเคชัน', ' ', '“', 'เป๋า', 'ตัง', '”', ' ', 'วันที่', ' ', '18', ' ', 'กพ', ' ', '–', ' ', '31', ' ', 'พค', '64', '     ']","['#ขสมก', '#กระทรวงคมนาคม', '#รถเมล์', '#เราชนะ', '#เป๋าตัง']"
2021-02-02,"['โครงการ', 'วัคซีน', 'ไข้หวัดใหญ่', 'โหลด', 'แอพ', '  ', 'ควย', 'วะ', 'เนี้ยย']",['#เป๋าตัง']
2021-02-02,"['ไข', 'ข้อสงสัย', '  ', 'ซื้อ', 'ทอง', 'ไหม', '   ']","['#เราชนะ', '#เป๋าตัง', '#kapook']"
2021-02-02,"['สแกน', 'หน้า', 'สำเร็จ', ' ', 'ข้อมูล', 'ธนาคาร', ' ', 'โปรด', 'ธนาคาร', 'พ่อ', 'ไหว', ' ', 'ทำ', '   ']","['#คนละครึ่ง', '#เป๋าตัง', '#เราชนะ']"
2021-02-02,"['อัพเดท', 'เป๋า', 'ตัง', ' ', 'สอง', ' ', 'หมุนติ้ว', ' ', 'มั่ง']",['#เป๋าตัง']
2021-02-04,"['  ', 'วงเงิน', 'แอ', 'ป', '  ', 'พฤหัสบดี', ' ', '18', ' ', 'กพ', '25', ' ', 'ค', ' ', '64', ' ', '6', ' ', ' ', ' ', '7000', ' ', 'บาท', ' ', 'ใช้ได้', ' ', '31', ' ', 'พค', ' ', '641', ' ', '18', ' ', 'กพ', ' ', '64', ' ', '=', ' ', '2000', ' ', 'บาท', '2', ' ', '25', ' ', 'กพ', ' ', '64', ' ', '=', ' ', '1000', ' ', 'บาท', '3', ' ', '4', ' ', 'ค', ' ', '64', ' ', '=', ' ', '1000', ' ', 'บาท', '4', ' ', '11', ' ', 'ค', ' ', '64', ' ', '=', ' ', '1000', ' ', 'บาท', '5', ' ', '18', ' ', 'ค', ' ', '64', ' ', '=', ' ', '1000', ' ', 'บาท', '6', ' ', '25', ' ', 'ค', ' ', '64', ' ', '=', ' ', '1000', ' ', 'บาท', ' ']","['#เราชนะ', '#เป๋าตัง']"
2021-02-04,"['6', 'โมง', 'ไมา', 'ซิ', '    ']","['#เราชนะ', '#เป๋าตัง', '#คนละครึ่ง']"
2021-02-04,"['โมโห', 'ส้นตีน', ' ', 'เหี้ย', 'หละ', ' ', 'ดู', 'เป๋า', 'ตัง', 'หู', 'สัส', ' ', 'เสือก', 'ข้อมูล', 'มั่ว', 'อี', 'เหี้ย', 'โมโห', 'ว่ะ', '   ']","['#เราชนะ', '#เป๋าตัง']"
2021-02-04,"['อยากได้', 'เงินสด', ' ', 'รวมตัวกัน', 'เรียกร้อง', ' ', 'มีสิทธิ์', 'ต้องการ', 'เงินสด', 'ใช้จ่าย', 'สะดวก', 'แต่ละคน', '   ']","['#เยียวยาโควิด', '#เราชนะ', '#เป๋าตัง']"
2021-02-04,"['ตรวจสอบ', 'สถานะ', '  ', 'สิทธิ์', ' ', 'ลุ้น', '  ']","['#คนละครึ่ง', '#เป๋าตัง']"
2021-02-04,"['ดำเนิน', 'การตาม', 'มาตรการ', 'รัฐบาล', 'ขอความร่วมมือ', ' ', 'ผู้โดยสาร', 'ลงทะเบียน', 'โครงการ', ' ', '“', 'ชนะ', '”', ' ', 'ชำระ', 'ค่าโดยสาร', 'รถไฟฟ้า', 'บีทีเอส', ' ', 'รถไฟฟ้า', 'สาย', 'สี', 'ทอง', ' ', 'วันที่', ' ', '5', ' ', 'กุมภาพันธ์', ' ', '2564', ' ', '   ']","['#เราชนะ', '#เป๋าตัง']"
2021-02-04,"['BTS', ' ', 'ประกาศ', ' ', 'ผู้โดยสาร', 'จ่าย', 'ค่าเดินทาง', '\u200b', '  ', 'วันที่', ' ', '5', ' ', 'กพ', ' ', 'แอ', 'ป', '  ', ' ', 'บัตร', 'สวัสดิการ', 'รัฐ', ' ', 'รถไฟฟ้า', 'สาย', 'สี', 'ทอง', 'ติดต่อ', 'ขอรับ', 'สิทธิ', 'ห้อง', 'จำหน่าย', 'ตั๋ว', 'สถานี', '\u200b', ' ']","['#เราชนะ', '#เป๋าตัง', '#บัตรคนจน']"
2021-02-04,"['ในที่สุด', 'ลอง', 'เข้ามา', 'รอบ', ' ', 'ขอบคุณ', ' ']",['#เป๋าตัง']
2021-02-04,"['แอ', 'ป', 'ตัวตน', ' ', ' ', 'แอ', 'ป', 'เด้ง', ' ', 'แล้วก็', 'มีเงิน', 'ค้าง', ' ', 'สาเหตุ', ' ', ' ', ' ']",['#เป๋าตัง']
2021-02-04,"['รถไฟฟ้า', 'บีทีเอส', ' ', 'เปิดรับ', 'ชำระ', 'ค่าโดยสาร', ' ', 'ชนะ', ' ', 'สนองนโยบาย', 'รัฐ', 'กระตุ้น', 'เดินทาง', 'ระบบ', 'ขนส่ง', 'สาธารณะ', ' ', ' ', '5', ' ', 'กุมภาพันธ์', ' ', '2564', ' ', '    ']","['#เราชนะ', '#BTS', '#เป๋าตัง']"
2021-02-04,"['รถไฟฟ้า', 'สาย', 'สิทธิ', '  ', ' ', 'คนใช้', 'แอ', 'ป', '  ', ' ', 'ห้อง', 'จำหน่าย', 'ตั๋ว', 'สถานี', ' ', 'รถ', ' ', 'ขสมก', 'บัตร', 'รายสัปดาห์', 'รายเดือน', ' ', 'รถ', ' ', 'บขส', ' ', 'สถานี', 'เดินรถ', 'จุด', 'จอด', ' ', 'บัตร', 'สวัสดิการ', 'รัฐ', 'ใช้ได้', 'ทั้งสอง', 'วงเงิน', ' ', 'ค่าโดยสาร', 'ฟรี', ' ', '500', ' ', 'สิทธิ', 'ชนะ', ' ']","['#เราชนะ', '#เป๋าตัง']"
2021-02-04,"['พฤหัส', 'ส้ม', 'สดใส', ' ', 'วันหยุด', ' ', 'เย้', '           ', '            ']","['#ความสุข', '#คนละครึ่ง', '#เราเที่ยวด้วยกัน', '#เราชนะ', '#เป๋าตัง', '#healthy', '#yummy', '#utinybangkok', '#บรรยากาศดีๆ', '#ต้อนรับหมาแมว', '#นั่งสบาย', '#คนละครึ่ง', '#เราเที่ยวด้วยกัน', '#เราชนะ', '#เป๋าตัง', '#พร้อมส่ง', '#อาหารจานอร่อย', '#bangkok', '#โควิด19', '#ประกันสังคม']"
2021-02-04,"['แอพ', 'ล่ม', 'ป้ะ', ' ']",['#เป๋าตัง']
2021-02-04,"['โอย', 'ยย', ' ', 'กรู', 'แอ', 'ป', 'โง่', '  ', 'เหรอ', 'วะ']",['#เป๋าตัง']
2021-02-04,"[' ', 'ร่วมกับ', ' ', 'BEM', ' ', 'เตรียมพร้อม', 'รองรับ', 'สิทธิ์', 'โครงการ', ' ', '“', 'ชนะ', '”', ' ', 'เหรียญ', 'โดยสาร', ' ', 'Token', ' ', 'เดินทาง', '  ', '  ', 'สถานี', ' ', 'วันที่', ' ', '5', ' ', 'กพ', ' ', '–', ' ', '31', ' ', 'พค', ' ', '64', ' ', 'สอบถาม', ' ', 'ศูนย์', 'บริการ', 'ข้อมูล', ' ', 'โทร', ' ', '0', ' ', '2624', ' ', '5200', '    ']","['#รฟม', '#MRTสายสีน้ำเงิน', '#สายสีม่วง', '#เป๋าตัง', '#กระทรวงคมนาคม', '#เราชนะ']"
2021-02-04,"['แอพ', 'เป็ร', 'เหี้ย', ' ', 'เด้ง', ' ', 'ลงทะเบียน', ' ', 'ลงทะเบียน', 'เสือก', 'เด้ง', ' ', 'สัส', ' ']",['#เป๋าตัง']
2021-02-04,"['BTS', ' ', 'ชำระ', 'ค่าโดยสาร', ' ', '“', 'ชนะ', '”', ' ', 'วันที่', ' ', '5', ' ', 'กุมภาพันธ์', ' ', '     ']","['#เราชนะ', '#บีทีเอส', '#รถไฟฟ้า', '#เป๋าตัง', '#บัตรสวัสดิการแห่งรัฐ']"
2021-02-04,"['รถไฟฟ้า', ' ', 'MRT', ' ', 'รองรับ', 'เดินทาง', '  ', ' ', 'แนะ', 'วิธีการ', 'ใช้จ่าย', 'แอ', 'ปฯ', '  ']","['#เราชนะ', '#เป๋าตัง']"
2021-02-04,"['ร้านค้า', '  ', 'แอ', 'ป', '  ', 'อัพเดท', 'แอ', 'ป', ' ', 'แถบ', '  ', 'สี', 'ขาว', '  ', 'ไม่ต้อง', 'ลงทะเบียน', ' ', 'กด', ' ', 'แถบ', 'เปลี่ยนเป็น', 'สีน้ำเงิน', ' ', 'ใช้งาน', '•', 'ลค', '  ', ' ', '5', ' ', 'กพ•', 'ลค', '  ', ' ', '18', ' ', 'กพ', ' ', 'ใช้ได้', ' ', '31', ' ', 'พค', ' ', '64', ' ']","['#คนละครึ่ง', '#ถุงเงิน', '#เราชนะ', '#บัตรสวัสดิการแห่งรัฐ', '#เป๋าตัง']"
2021-02-04,"['เรื่อง', 'เงิน', ' ', '3500', ' ', 'รัฐบาล', ' ', '   ', 'ซื้อ', ' ', 'ชีวิตประจำวัน', ' ', 'ดีแล้ว', ' ', 'เงินสด', ' ', ' ', 'ไปเที่ยว', 'มีประโยชน์', '  ', 'อวด', ' ', 'เสียนิสัย', ' ', 'ไม่ต้อง', 'ทำ', 'รอ', 'รัฐบาล', ' ', 'ตา']","['#เป๋าตัง', '#คนละครึ่ง']"
2021-02-04,"['เงื่อนไข', ' ', 'เงิน', 'เยียวยา', 'แรงงาน', ' ', 'ประกันสังคม', ' ', 'ม', '33', ' ', 'รัก', '     ']","['#แรงงาน', '#ประกันสังคม', '#ม33', '#เรารักกัน', '#เป๋าตัง', '#เราชนะ']"
2021-02-05,"['ชื่อ', '      ', '  ', 'น่ารัก', 'ไหว', 'โน๊ะ']","['#คนละครึ่ง', '#เป๋าตัง', '#ไทยชนะ', '#หมอชนะ', '#เราชนะ', '#ม33เรารักกัน']"
2021-02-05,"['ประกันสังคม', ' ', 'มาตรา', ' ', '33', ' ', '39', ' ', '40', ' ', 'ต่างกัน', ' ', 'ที่มา', 'อ่าน', ' ', 'BackboneMCOT', ' ', '•', '     ']","['#เราชนะ', '#ม33เรารักกัน', '#เป๋าตัง', '#คนละครึ่ง', '#ประกันสังคม', '#ม33', '#ม39', '#มาตรา33', '#มาตรา40']"
2021-02-05,"['โถ', 'ยาย', ' ', 'สมัคร', '  ', 'สมาร์ต', 'โฟน', '  ']","['#เราชนะ', '#เป๋าตัง', '#Kapook']"
2021-02-05,"['งาน', '  ', 'บางคน', ' ', 'ม', '33', ' ', 'สิทธิ', '  ', '   ']","['#เราชนะ', '#เป๋าตัง', '#Kapook']"
2021-02-05,"['ชนะ', 'สิทธิ', 'วันที่', ' ', '5', ' ', 'กพ', '  ', '31', ' ', 'พค', ' ', 'www', ' ', 'ชนะ', ' ', 'com', '    ']","['#เราชนะ', '#เป๋าตัง', '#คนละครึ่ง', '#บัตรสวัสดิการแห่งรัฐ']"
2021-02-05,"['กรมการขนส่งทางบก', ' ', 'กระทรวงคมนาคม', '\u200b', ' ', 'สนับสนุน', 'โครงการ', ' ', '“', 'ชนะ', '”', ' ', 'ลด', 'ภาระ', 'ค่าครองชีพ', 'ประชาชน', 'ช่วยเหลือ', 'ผู้ประกอบการ', 'สถานการณ์', 'แพร่ระบาด', 'เชื้อไวรัส', ' ', 'COVID', '19', '        ']","['#พรรคภูมิใจไทย', '#โควิด19', '#newnormal', '#คมนาคมยุคศักดิ์สยาม', '#เราชนะ', '#เป๋าตัง']"
2021-02-05,"['เสียง', 'ม็อบ', 'สาม', 'กีบ', 'บอ', '  ', 'งับ', '            ']","['#ภาษีกู', '#เราชนะ', '#คนละครึ่ง', '#เราชนะ', '#เป๋าตัง', '#กรุงไทย', '#เยียวยาโควิด', '#โควิด19', '#COVIDー19', '#COVID19', '#ม็อบ5กุมภา', '#ม็อบสามกีบ']"
2021-02-05,"['ข้าราชการ', 'เจ้าหน้าที่', 'รัฐ', ' ', 'ห้าม', 'ลงทะเบียน', 'ชนะ', ' ', 'ฝ่าฝืน', 'เจอ', 'โทษทางวินัย', '    ']","['#เราชนะ', '#เป๋าตัง', '#Kapook']"
2021-02-05,"['ร้าน', 'บอ', 'ขาย', 'ตำรวจ', 'ทหาร', ' ', 'เค้า', 'โครงการ', 'น้า', '         ']","['#คนละครึ่ง', '#เราชนะ', '#เป๋าตัง', '#กรุงไทย', '#เยียวยาโควิด', '#โควิด19', '#COVIDー19', '#COVID19']"
2021-02-05,"[' ', 'คน', 'บัตร', 'คนจน', 'แอ', 'ป', '  ', 'หรอ', ' ', 'งง', ' ']","['#เราชนะ', '#เป๋าตัง']"
2021-02-05,"['สอบถาม', 'ผู้รู้', ' ', 'สิทธิ', '  ', 'เงิน', 'ใช้ได้', 'แอ', 'ป', ' ', 'เป๋า', 'ตัง', ' ', ' ', 'ซื้อ', ' ', 'Lazadashopee', ' ', 'เงิน', 'แอ', 'ป', 'เป๋า', 'ตัง', 'รึเปล่า', '  ']","['#เราชนะ', '#เราชนะ', '#เป๋าตัง']"
2021-02-05,"['โอน', 'เงิน', 'ยอด', ' ', ' ']",['#เป๋าตัง']
2021-02-05,"['เยียวยา', 'ปี', ' ', '2564', ' ', 'โควิด', 'ต่อเนื่อง', 'ปี', ' ', '2563', ' ', 'เกณฑ์', 'ภาษีเงินได้', ' ', '2562', ' ', 'งง', '  ']","['#เราชนะ', '#โควิด', '#เป๋าตัง']"
2021-02-05,"['ชนะ', ' ', 'สิทธิ', 'ที่ไหนบ้าง', ' ', 'ดู', 'คร้าบ', 'สิทธิ', 'วันที่', ' ', '5', ' ', 'กพ', '  ', '31', ' ', 'พค', ' ', '64', ' ', 'รายละเอียด', ' ', 'www', ' ', 'ชนะ', ' ', 'com', '    ']","['#เราชนะ', '#เป๋าตัง', '#คนละครึ่ง', '#บัตรสวัสดิการแห่งรัฐ']"
2021-02-05,"['ลูกจ้าง', 'รัฐ', 'รัฐวิสาหกิจ', 'คน', 'สิทธิ', '  ', '18', ' ', 'กพ', ' ', 'อย่า', 'ลืม', 'กด', ' ', 'สิทธิ', ' ', 'แอ', 'ปฯ', '  ', 'ไม่งั้น', 'ระวัง', 'เงิน', 'คืน', 'เงื่อนไข', 'โครงการ', 'อ่าน', 'รายละเอียด', '  ']","['#เราชนะ', '#เป๋าตัง']"
2021-02-05,"['     ', 'ผู้ประกันตน', ' ', 'ม', ' ', '33', ' ', 'เตรียม', 'ลงทะเบียน', ' ', 'ม', '33', ' ', 'รัก', ' ', 'วันที่', ' ', '1618', ' ', 'กพ', ' ', 'รับเงิน', ' ', '4', ' ', 'พัน', 'บาท', ' ', 'รอ', 'ชง', 'ครม', '15', ' ', 'กพ', ' ', 'คาด', ' ', 'เงิน', 'แอ', 'ปฯ', ' ', '15', ' ', 'ค', '  ']","['#เราชนะ', '#เป๋าตัง', '#ม33เรารักกัน']"
2021-02-05,"['ป้าย', 'ตั้งโต๊ะ', ' ', 'ป้าย', 'ไวนิล', ' ', '100100', ' ', '100', ' ', '100', ' ', '100', ' ', '100', ' ', '100', '       ']","['#เราชนะ', '#คนละครึ่ง', '#สวัสดิการแห่งรัฐ', '#เป๋าตัง', '#ถุงเงิน']"
2021-02-05,"['ชนะ', 'ชั่วคราว', 'ปรับปรุง', 'ระบบ', 'ธนาคาร', 'กรุงไทย', ' ', 'ประกาศ', 'สิทธิ์', ' ', 'ชนะ', ' ', 'สำหรับ', ' ', 'บัตร', 'สวัสดิการ', 'รัฐ', ' ', 'ชำระ', 'สิทธิ์', 'แอ', 'ปฯ', ' ', 'ถุงเงิน', ' ', 'ชั่วคราว', 'อ่าน', '         ']","['#เราชนะ', '#ถุงเงิน', '#เป๋าตัง', '#ThaiNews', '#ไทยนิวส์']"
2021-02-05,"['แจง', 'โครงการ', '  ', 'ใช้กับ', ' ', 'โครงการ', ' ', 'ร้าน', 'ใด', 'แอ', 'ป', '  ', ' ']","['#เราชนะ', '#เป๋าตัง']"
2021-02-05,"['ผู้ประกันตน', 'มาตรา', ' ', '33', ' ', 'ประกันสังคม', ' ', 'สิทธิ', '  ', 'สิทธิ', 'เยียวยา', ' ', 'ม', '33', '   ', 'วงเงิน', ' ', '4000', ' ', 'บาท', ' ', 'ใช้จ่าย', 'แอ', 'ปฯ', '  ', 'แบ่ง', 'จ่าย', 'สัปดาห์', ' ', '1000', ' ', 'บาท', ' ', 'จ่าย', 'เงินสด', ' ', '15', ' ', 'ค', '64', ' ', 'โอน', 'เงิน', 'ครั้งแรก', ' ', '1000', ' ', 'บาท', 'โอน', 'จันทร์', 'ใช้จ่าย', '31', ' ', 'พค', '64']","['#เราชนะ', '#เรารักกัน', '#เป๋าตัง']"
2021-02-05,"['ข่าวดี', 'าา', ' ', 'ผู้ประกันตน', ' ', 'ม', ' ', '33', ' ', 'ลงทะเบียน', 'รับเงิน', 'เยียวยา', ' ', '4000', ' ', 'บาท', ' ', 'โครงการ', ' ', '“ม', '33', ' ', '”', ' ', ' ', '16', ' ', 'กพ', ' ', 'จ่าย', 'สัปดาห์', ' ', '1000', ' ', 'บาท', ' ', ' ', '92', ' ', 'ล้าน', 'คน', ' ', 'แอ', 'ปฯ', '  ', ' ', 'เงินสด', 'น้า', '️ปล', ' ', 'ผู้ประกันตน', ' ', 'ม', '33', ' ', 'สัญชาติ', 'ไทย', 'บัตร', 'สวัสดิการ', 'รัฐ', 'เด้อ', ' ']","['#เรารักกัน', '#เป๋าตัง']"
2021-02-05,"['ลงทะเบียน', 'โครงการ', ' ', 'ม', '33', ' ', 'รัก', ' ', 'วันที่', '1628', ' ', 'กพ', ' ', '64', 'เว็บไซต์', ' ', 'www', 'ม', '33', 'รัก', ' ', 'com', 'สำหรับ', 'คัด', 'กรอง', 'กด', 'สิทธิ์', 'แอ', 'ปฯ', ' ', 'เป๋า', 'ตัง', ' ', 'วันที่', ' ', '814', ' ', 'ค', ' ', '64', '    ']","['#ม33เรารักกัน', '#เรารักกัน', '#เป๋าตัง', '#MarketeerOnline']"
2021-02-05,"[' ', 'สนับสนุน', 'โครงการ', ' ', '“”', ' ', 'ลด', 'ภาระ', 'ค่าครองชีพ', 'ประชาชน', 'ช่วยเหลือ', 'ผู้ประกอบการ', 'สถานการณ์', 'แพร่ระบาด', 'เชื้อไวรัส', ' ', 'COVID', '19', '  ']","['#กระทรวงคมนาคม', '#เราชนะ', '#เป๋าตัง']"
2021-02-05,"['ผู้ประกันตน', 'มาตรา', ' ', '33', ' ', 'รับเงิน', 'เยียวยา', 'คนละ', ' ', '4000', ' ', 'บาท', ' ', ' ', 'ม', '33', '   ', '1628', ' ', 'กพ', '64', ' ', 'ลงทะเบียน', ' ', 'www', 'ม', '33', 'รัก', 'com', ' ', '17', ' ', 'ค', '64', ' ', 'ตรวจสอบ', 'ข้อมูล', ' ', 'คัด', 'กรอง', 'สิทธิ์', '  ', '814', ' ', 'ค', ' ', 'คัด', 'กรอง', ' ', 'กด', 'สิทธิ', 'แอ', 'ปฯ', '  ', '15', ' ', 'ค', ' ', 'โอน', 'เงิน', 'ครั้งแรก', ' ', '1000', ' ', 'บาท', ' ']","['#เรารักกัน', '#เป๋าตัง', '#เราชนะ']"
2021-02-05,"['คน', 'ทวิ', 'ต', ' ', 'ลอง', 'เข้าไป', 'เช็ค', 'สิทธิ', '  ', 'ทีนี้', 'แอพ', '  ', ' ', 'ตัวตน', 'รอบ', ' ', 'งง', 'อ่า', 'า', ' ']","['#เราชนะ', '#เป๋าตัง']"
2021-02-05,"['ทำ', 'ป้าย', 'อัพเดท', '   ', 'เซฟ', 'ใช้ได้', 'นะคะ', ' ']","['#เราชนะ', '#คนละครึ่ง', '#เป๋าตัง']"
2021-02-05,"['ตรวจสอบ', 'สิทธิ', '”', 'ชนะ', '”️', ' ', 'วิน', 'แห้ว', 'น้า', 'าา', '          ']","['#เราชนะ', '#เราชนะ3500', '#เราชนะ7000รับเงินครั้งแรก2', '#เยียวยา', '#เยียวยาโควิด19', '#มต', '#3500', '#เป๋าตัง']"
2021-02-05,"['แชร์', ' ', 'วิธี', 'แก้', 'ลืม', 'รหัส', ' ', 'PIN', ' ', 'แอพ', 'เป๋า', 'ตัง', ' ', 'ไม่ต้อง', 'ธนาคาร', ' ', '\u200b\u200b', ' ', '\u200b\u200b', ' ', '\u200b\u200b', ' ', '\u200b', ' ', '\u200b\u200b', ' ', '\u200b', ' ', '\u200b', ' ', '\u200b\u200b', ' ']","['#ลืมรหัส', '#เป๋าตัง', '#แอปเป๋าตัง', '#แอพเป๋าตัง', '#คนละครึ่ง', '#คนละครึ่งเฟส2', '#คนละครึ่งเฟส3', '#คนละครึ่งรอบเก็บ', '#เราชนะ']"
2021-02-05,"['สมัคร', 'แอ', 'ป', 'เป๋า', 'ตัง', 'อ่ะ', 'แบบนี้', '    ']","['#เราชนะ', '#เป๋าตัง']"
2021-02-05,"['ยังมี', 'ลุง', ' ', 'คุณป้า', ' ', 'เย', 'อะนะ', 'รู้', 'บัตร', 'สวัสดิการ', ' ', 'คนละ', 'ครึ่ง', ' ', 'ซื้อ', 'แม่', 'แล้วไป', 'แม่', ' ', 'ลุง', ' ', 'ป้า', ' ', 'แถว', 'ยืน', 'ฟัง', ' ', 'อุดหนุน', 'ร้านค้า', ' ', 'ดี', 'แจก', 'เงินสด', ' ', '  ']","['#เราชนะ', '#เป๋าตัง']"
2021-02-05,"['วิธีการ', 'ตรวจสอบ', 'สิทธิ์', ' ', 'ชนะ', ' ', 'รับเงิน', 'เยียวยา', 'โควิด', '19', '   ']","['#เราชนะ', '#เป๋าตัง', '#โควิด19', '#โควิดวันนี้']"
2021-02-05,"[' ', 'สิทธิ', 'ที่ไหนบ้าง', 'ท', 'ประหยัด', 'ค่าใช้จ่าย', 'ไทย', ' ', 'กิน', ' ', 'ช้อป', ' ', 'เดินทาง', '   ', 'บัตร', 'สวัสดิการ', 'รัฐ', ' ', 'สิทธิ', 'วันที่', ' ', '5', ' ', 'กพ', ' ', '64', 'สิทธิ', 'เที่ยว', ' ', 'คนละ', 'ครึ่ง', ' ', 'ประชาชน', 'ทั่วไป', ' ', 'สิทธิ', 'วันที่', ' ', '18', ' ', 'กพ', ' ', '64', ' ']","['#เราชนะ', '#เป๋าตัง', '#ถุงเงิน']"
2021-02-05,"['ซัก', ' ', 'อยู่แล้ว', ' ', 'มีเงิน', 'บัญชี', ' ', 'ตบ', '5555555555', 'กด', 'รับเงิน', 'เป๋า', 'ตัง', 'วันที่', ' ', '18', ' ', 'น้า', '   ']","['#เราชนะ', '#เป๋าตัง', '#คนละครึ่ง']"
2021-02-05,"[' ', 'ให้บริการ', 'สิทธิ', 'โครงการ', ' ', '“”', ' ', 'แอพพลิเคชัน', ' ', '“”', ' ', 'ซื้อ', 'ตั๋วโดยสาร', 'รถไฟ', 'สถานี', 'ทั่วประเทศ', ' ', 'วันที่', ' ', '8', ' ', 'กพ', ' ', '64', ' ', 'สำหรับ', 'บัตร', 'สวัสดิการ', 'รัฐ', ' ', 'บัตร', ' ', 'ซื้อ', 'ตั๋ว', 'วันที่', ' ', '5', ' ', 'กพ', '  ', '31', ' ', 'พค', '64', '  ']","['#การรถไฟแห่งประเทศไทย', '#เราชนะ', '#เป๋าตัง', '#กระทรวงคมนาคม']"
2021-02-05,"[' ', 'ผูก', '  ', 'มั่ว', 'ชิบหาย', '  ', 'คุณยาย', 'จอง', 'วัคซีน', 'ไหม']","['#วัคซีนไข้หวัดใหญ่', '#เป๋าตัง']"
2021-02-05,"['ตอนนี้', 'แอพ', 'เป๋า', 'ตัง', '   ']","['#เราชนะ', '#เป๋าตัง']"
2021-02-05,"['ผูก', ' ', 'ktb', ' ', ' ', 'เหมือน', 'อ่า', ' ', 'คนละ', 'ครึ่ง', 'เบอร์', 'งี้', 'ลบ', 'แอพ', 'ผูก', 'บัญชี', 'สรุป', ' ', 'g', ' ', 'wallet', ' ', '   ']","['#เราชนะ', '#คนละครึ่ง', '#เป๋าตัง']"
2021-02-05,"['วิธี', 'ตรวจสอบ', 'สถานะ', ' ', 'โครงการ', '  ', 'สิทธิ', '  ', 'เช็ค', 'สถานะ', ' ', 'ที่นี่', ' ', '➤', ' ', 'www', 'ชนะ', 'com', '      ']","['#เราชนะ', '#ParkLuxury', '#COVID19', '#เป๋าตัง', '#โครงการเราชนะ', '#โควิด19']"
2021-02-05,"['ขอบคุณ', '              ']","['#ประเทศไทย', '#คนละครึ่ง', '#เราชนะ', '#เป๋าตัง', '#โควิด19', '#Thailand', '#ข่าววันนี้', '#ข่าว', '#เรารักกัน', '#ThaiPBS', '#ช่องวัน31', '#ช่อง7HD', '#NationTV']"
2021-02-05,"['ถาม', 'ผม', 'ซื้อ', 'เน็ต', 'มือถือ', 'รายวัน', 'ใช้กับ', 'โครงการ', 'ร้า', 'บาน', 'ผม', 'ซื้อ', 'ดี', ' ', 'เน็ต', 'ทิ้ง', 'ค่า', 'เน็ต', ' ', 'ผม', ' ', 'รายวัน', 'ค่าย', '  ', '  ', '   ']","['#dtac', '#ais', '#เราชนะ', '#คนละครึ่ง', '#เป๋าตัง']"
2021-02-05,"['สิทธิ', 'คนละ', 'ครึ่ง', 'เเล้วลบ', 'แอพ', 'โหลด', 'งี้', 'ผูก', 'เป๋า', 'ตัง', ' ', 'krungthai', ' ', ' ', 'อีกครั้ง', 'ขึ้นหน้า', ' ', 'g', ' ', 'wallet', ' ', 'อะ', ' ', 'เด้ง', 'หน้า', '    ']","['#เป๋าตัง', '#คนละครึ่งเฟส3', '#เราชนะ']"
2021-02-05,"['ซื้อ', 'พันธบัตร', '  ', '  ', ' ', 'ไม่ต้อง', 'เสียใจ', ' ', 'ซื้อ', 'พันธบัตร', 'ธนาคาร', ' ', 'สำหรับ', 'บุคคล', 'ทั่วไป', 'ซื้อ', 'ลงทุน', ' ', 'วันที่', ' ', '515', ' ', 'กพ', ' ', '64', ' ', 'ขั้นต่ำ', ' ', '1000', ' ', 'บาท', '   ']","['#เราชนะ', '#เป๋าตัง', '#กรุงเทพธุรกิจ', '#กรุงเทพธุรกิจออนไลน์']"
2021-02-05,"['สแกน', 'บัตร', 'ปชช', 'ผูก', 'เป๋า', 'ตัง', 'สแกน', ' ', 'งง', ' ', 'ยาย', 'บัญชี', 'ธ', 'ให้ได้', ' ', 'ท้อ', 'ว', '  ']","['#เป๋าตัง', '#เราชนะ']"
2021-02-05,"['️', ' ', 'บัตร', 'สวัสดิการ', 'รัฐ', ' ', 'สิทธิ', ' ', '“', 'ชนะ', '”', ' ', ' ', 'ใช้จ่าย', 'เงิน', 'ซื้อ', 'สินค้า', 'บริการ', 'ร้าน', 'ธง', 'ฟ้า', 'เครื่อง', 'EDC', ' ', 'ร้าน', 'ถุงเงิน', 'ธง', 'ฟ้า', 'ประชา', 'รัฐ', ' ', 'ร้าน', 'คนละ', 'ครึ่ง', ' ', 'ร้าน', 'ชนะ', ' ', 'ระบบ', 'คมนาคม', ' ', 'บัตร', 'สวัสดิการ', 'จ่าย', ' ', 'ไม่ต้อง', 'โหลด', 'แอ', 'ปฯ', 'เป๋า', 'ตัง', '   ']","['#เป๋าตัง', '#เราชนะ', '#บัตรสวัสดิการแห่งรัฐ']"
2021-02-05,"[' ', 'สิทธิ', 'ที่ไหนบ้าง', 'ท', 'ประหยัด', 'ค่าใช้จ่าย', 'ไทย', ' ', 'กิน', ' ', 'ช้อป', ' ', 'เดินทาง', 'บัตร', 'สวัสดิการ', 'รัฐ', ' ', 'สิทธิ', 'วันที่', ' ', '5', ' ', 'กพ', ' ', '64', 'สิทธิ', 'เที่ยว', ' ', 'คนละ', 'ครึ่ง', ' ', 'ประชาชน', 'ทั่วไป', ' ', 'สิทธิ', 'วันที่', ' ', '18', ' ', 'กพ', ' ', '64', '   ']","['#เราชนะ', '#เราชนะ', '#เป๋าตัง', '#ถุงเงิน']"
2021-02-05,"['ตรวจ', 'สิทธิ', ' ', '“', 'ชนะ', '”', ' ', ' ', 'www', 'ชนะ', 'com', ' ', 'กรอก', ' ', 'เลข', 'บัตรประชาชน', ' ', 'ชื่อ', 'นามสกุล', ' ', 'วันเกิด', 'ตรวจสอบ', 'สถานะ', ' ', ' ', 'ทบทวน', 'สิทธิ', ' ', 'www', 'ชนะ', 'com', ' ', ' ', 'ยื่น', 'ความประสงค์', ' ', '8', ' ', 'กพ', ' ', '–', ' ', '8', ' ', 'ค', ' ', '64', ' ', 'ตรวจสอบ', 'การทบทวน', 'สิทธิ', 'เว็บไซต์', '   ']","['#เราชนะ', '#โควิด19', '#เป๋าตัง']"
2021-02-05,"['เช้านี้', ' ', '5', ' ', 'กพ', ' ', 'ตรวจสอบ', 'สิทธิ์', 'เยียวยา', ' ', '“', 'ชนะ', '”', ' ', 'สิทธิ์', ' ', 'รายได้', 'ประเมิน', ' ', '3', ' ', 'แสน', 'บาท', 'ปี', 'ภาษี', ' ', '62', '“', 'โครงการ', ' ', 'ม', '33', ' ', 'รัก', '”', ' ', 'ที่ประชุม', ' ', 'ครม', 'อังคาร', 'หน้า', ' ', '9', ' ', 'กพ', ' ', 'พิจารณา', 'เงินฝาก', 'บัญชี', ' ', '500000', ' ', 'บาท', '    ']","['#เราชนะ', '#เรารักกัน', '#เป๋าตัง']"
2021-02-05,"['เช็ก', 'สิทธิ์', 'ชนะ', ' ', '2', ' ', 'แอ', 'ป', ' ', 'ที่นี่', ' ', 'wwwcom']","['#เป๋าตัง', '#เราชนะ', '#ฐานเศรษฐกิจ']"
2021-02-05,"['Data', ' ', '    ', '20210203', 'Tweets', '     ', '770', 'USERS', '    ', '487', 'Retweets', '    ', '5187', 'Likes', '    ', '3719', 'Top', ' ', '5', ' ', 'Related', ' ', '#', '1', ' ', 'คนละ', 'ครึ่ง', '2', ' ', 'รัก', '3', ' ', 'ฐาน', 'เศรษฐกิจ', '4', ' ', 'เป๋า', 'ตัง', '5', ' ', 'โควิด', '19']",['#เราชนะ']
2021-02-06,"['เปิดเทอม', ' ', 'เรียนรู้', 'ปกป้อง', 'ปลอดภัย', 'ศูนย์รวม', 'หน้ากาก', 'อนามัย', 'ทางการแพทย์', ' ', 'รง', 'ไทย', ' ', 'กล่อง', ' ', '7995', 'บาท', ' ', 'Mind', ' ', 'maskSURELUCKY', ' ', 'เด็ก', 'ผู้ใหญ่', 'Let', ' ', ' ', 'care', ' ', 'Ketkham', '                 ']","['#โควิด19', '#หน้ากากอนามัย', '#สมุทรสาคร', '#ขาย', '#ข่าว', '#เป๋าตัง']"
2021-02-06,"['แอ', 'ป', ' ', 'ล่ม', 'เย็น', 'ที่ผ่านมา', ' ', '|', ' ', 'Blognone', ' ']","['#เป๋าตัง', '#KTB', '#ServiceOutage']"
2021-02-06,[],['#เป๋าตัง']
2021-02-06,"['เช็ก', 'สิทธิ', '  ', 'คน', 'เกณฑ์', 'จ่อ', 'รับเงิน', 'งวด', ' ', '2000', ' ', 'บาท', ' ', 'แอปพลิเคชั่น', '  ', '18', ' ', 'กพ', ' ', '  ']","['#เราชนะ', '#เป๋าตัง', '#SanookNews', '#SanookMoney']"
2021-02-06,"['ซ่อมแซม', ' ', 'บำรุง', 'หนัง', 'ศรีษะ', ' ', 'สร้าง', 'เส้น', 'ผม', '       ', 'LAZADA', ' ', 'shopee', ' ', 'ดู', 'โปร', '  ']","['#เร่งผมยาว', '#น้ำยาเร่งผมยาว', '#ปลูกไรผม', '#น้ำยาปลูกผม', '#เป๋าตัง']"
2021-02-06,"['  ', 'รับสมัคร', 'พนักงาน', 'ด่วน', ' ', '5', ' ', 'อัตรา', ' ', 'พนักงานขาย', '️', 'อายุ', ' ', '18', 'ปี', 'บริบูรณ์', ' ', '️', 'คอย', 'ตอบ', 'แชท', 'ลูกค้า', ' ', 'คอนเฟิร์ม', 'ออเดอร์', ' ', 'สนใจ', 'งาน', ' ']","['#เป๋าตัง', '#THESHOW_BLACKPINK']"
2021-02-06,"['ออ', 'หอ', ' ', 'โอน', 'เงิน', ' ', 'งง', ' ', 'ข่าว', 'งี้', ' ', 'ปุ๊', 'ป', ' ', 'โช้ยโด้ย', 'พก', 'เงินสด', 'ดดดดดดดด', ' ']",['#เป๋าตัง']
2021-02-06,"['หา', 'คน', 'ทำงาน', 'แอดมิน', '                            ']","['#เรียลหญิง', '#เป๋าตัง', '#TreasureMakerSelcaDay', '#ดีเจมะตูม', '#แบงค์โบ', '#แบนiqiyi', '#เมียจําเป็นep8', '#เฌอสิค', '#แบนiQIYI', '#THESHOW_BLACKPINK', '#วันซ์สายเปย์', '#งานออนไลน์', '#AngelJinhwanDay', '#เรารักประเทศไทย', '#เนเน่', '#GOODDAY1MViews', '#บิวกิ้นพีพี', '#มอร์นิ่ง702']"
2021-02-06,"['ชื้อ', 'ข้าว', 'ตัง', 'สัก', 'บาท', 'มือถือ', 'สแกน', '  ', 'สแกน', 'แอพ', '  ', 'เหวอ', ' ', 'รีบ', 'ถาม', 'โอน']","['#คนละครครึ่ง', '#เป๋าตัง']"
2021-02-06,"['เย็น', 'ล่ม', 'ตอน', 'ซื้อ', 'หมู', ' ', '20', ' ', 'บาท', 'ร้านค้า', '555555', '  ']",['#เป๋าตัง']
2021-02-06,"['แม่ค้า', 'ใจ', 'ดีมาก', ' ', 'พุ่ง', 'จ่าย', 'แอ', 'ฟ', 'ล่ม']",['#เป๋าตัง']
2021-02-06,"['Data', ' ', '    ', '20210205', 'Tweets', '     ', '878', 'USERS', '    ', '704', 'Retweets', '    ', '17205', 'Likes', '    ', '3597', 'Top', ' ', '5', ' ', 'Related', ' ', '#', '1', ' ', 'แบน', 'wetv', '2', ' ', 'เป๋า', 'ตัง', '3', ' ', 'angeljinhwanday', '4', ' ', 'treasuremakerselcaday', '5', ' ', 'สู้', 'ไทย']",['#แบนiqiyi']
2021-02-06,"['น้ำหอม', ' ', 'ส', 'กิน', 'แคร์', ' ', 'เว็บ', '  ', 'ลด', ' ', '30', '     ', 'โค้ด', 'ส่วนลด', '  ', 'SV', '41573', '    ', 'ลด', ' ', '5', '   ', 'ขอบคุณ', '     ']","['#GUCCI', '#YSL', '#สวยพุ่งไปเลยแม่', '#ของดีบอกต่อ', '#เป๋าตัง', '#HowtoPerfect']"
2021-02-06,"[' ', 'Swarovski', ' ', 'ลาย', 'ขายดี', ' ', ' ', '2386', ' ', ' ', '3140', '  ', 'โค้ด', 'ส่วนลด', '  ', 'SV', '41573', '    ', 'กด', 'สั่ง', '      ']","['#TrueBeautyEp16', '#สวยพุ่งไปเลยแม่', '#เป๋าตัง', '#Giveaway']"
2021-02-06,"[' ', ' ', 'ยกธงขาว', 'รูป', 'คน', 'คน', 'หรอ', ' ', 'หุ่น', 'แซ่บ', ' ', 'เอว', 'เอส', ' ', 'เอส', 'เอส', 'พิกัด', 'ผอม', '→', '         ']","['#HOBSGIE', '#เป๋าตัง', '#ฉันจะผอม', '#ของดีบอกต่อ', '#เมียจําเป็นep8', '#ลดความอ้วน', '#ถูกและดี', '#สวยพุ่งไปเลยแม่']"
2021-02-06,"[' ', 'sketchup', 'สวย', 'ค่า', 'แอด', 'ดู', 'ผลงาน', 'สร้าง', 'แอปพลิเคชัน', ' ', 'สร้าง', 'เว็บไซต์', 'รูปแบบ', '          ']","['#รับทําการบ้าน', '#เป๋าตัง', '#เรารักประเทศไทย', '#เมียจําเป็นep8', '#ไม่ใช่ใครก็ได้xเข้มมุก', '#หยิ่นวอร์', '#MrQueen', '#MrQueenEp17', '#แบงค์โบ', '#แบนiQIYI']"
2021-02-06,"['แมส', 'คนละ', 'ครึ่ง', ' ', '50', ' ', 'ชิ้น', 'กล่อง', ' ', 'แมส', 'ดำ', ' ', '45', '฿', ' ', 'คนละ', 'ครึ่ง', ' ', '2250', '฿', ' ', 'แมส', 'ฟ้า', ' ', '40', '฿', ' ', 'คนละ', 'ครึ่ง', ' ', '20', '฿', ' ', '12', ' ', 'กล่อง', ' ', 'ค่า', ' ', '30', ' ', 'บาท', '      ', '35', ' ', 'กล่อง', ' ', 'ค่า', 'เหมา', ' ', '50', ' ', 'บาท', '        ']","['#แมสคนละครึ่ง', '#แมสดำ', '#แมสฟ้า', '#คนละครึ่ง', '#แมสราคาถูก', '#แมสพร้อมส่ง', '#โควิด', '#เป๋าตัง']"
2021-02-06,"['게으르면', ' ', '안돼', ' ', 'ขี้เกียจ', 'อ่าน', 'เกาหลี', 'เปิดใจ', 'ชี', 'ท', 'น้า', 'ไฟล์', 'pdf', 'ราคา', '50', '฿', 'อ่าน', 'ภาษา', 'เกาหลี', 'แน่นอน', '          ', '\xa0', '  ']","['#OurNewBeginningWithMarkTuan', '#BamBam', '#ตลาดนัดnct', '#ตลาดนัดบังทัน', '#บังทัน', '#แบมแบม', '#ลิซ่า', '#LISA', '#ภาษาเกาหลี', '#nct', '#เป๋าตัง', '#แบนiQIYI']"
2021-02-06,"['    ', 'แบบนี้', 'หรอ', ' ']","['#เป๋าตัง', '#เรารักประเทศไทย', '#netflixราคาถูก']"
2021-02-06,['     '],"['#NewMusic', '#ホリミヤ', '#เป๋าตัง', '#규현버블', '#แบนiQIYI', '#เรารักประเทศไทย']"
2021-02-06,"['ด่วน', '️', 'งาน', 'ตอบ', 'แชท', 'รายได้', ' ', '2000', '++', 'งาน', 'ฟรี', ' ', 'ค่าใช้จ่าย', ' ', '14', ' ', 'คน', 'สนใจ', 'รี', 'เฟบ', ' ', ' ', 'DM', ' ', ' ', 'สอบถาม', 'คับ', '        ']","['#งานออนไลน์', '#เป๋าตัง', '#MrQueen', '#แบนiQIYI', '#prompayyดีเจฉองขวบ', '#LYRAxLINETV', '#งานออนไลน์ฟรี', '#งานตอบแชท', '#งานออนไลน์ไม่เสียค่าใช้จ่าย']"
2021-02-06,"['กระเป๋าสตางค์', 'สวย', ' ', 'ของแท้', 'มือ', ' ', '1', ' ', 'ขาย', ' ', 'สนใจ', 'สอบถาม', 'นะคะ', '  ']",['#เป๋าตัง']
2021-02-06,"['สอบถาม', 'ผู้รู้', ' ', 'โครงการ', 'คนละ', 'ครึ่ง', ' ', '3500', ' ', '  ', 'เรื่อง', ' ', 'อยากรู้', 'จ่าย', ' ', 'ไปดู', 'ประวัติ', 'การใช้งาน', ' ', 'นว', 'น', ' ', 'สรุป', ' ', ' ', '48', ' ', ' ', 'เงิน', 'โครงการ', ' ', '25325', ' ', 'บาท', ' ', ' ', 'เงิน', 'คงเหลือ', 'ใช้ได้', ' ', '45', ' ', 'บาท', '    ']","['#คนละครึ่ง', '#เราชนะ', '#เป๋าตัง']"
2021-02-06,"[' ', 'หาร', ' ', 'Youtube', ' ', 'Premium', ' ', '️', ' ', 'ทั้งปี', ' ', '576', ' ', 'บาท', ' ', 'เมล์', 'ตัวเอง', 'ปกติ', 'ตก', 'เดือน', ' ', '48', ' ', 'บาท', ' ', 'x', ' ', '12', ' ', 'เดือน', '      ']","['#หารยูทูปพรีเมี่ยม', '#ยูทูปพรีเมี่ยมราคาถูก', '#หารyoutube', '#youtubepremium', '#หารYouTubePremium', '#ยูทูปพรีเมี่ยม', '#เป๋าตัง']"
2021-02-06,['   '],"['#เรารักประเทศไทย', '#SCFBVB', '#เป๋าตัง']"
2021-02-06,['            '],"['#SCFBVB', '#skijumpingfamily', '#HANBIN_BELIFT', '#HANBIN', '#เรารักประเทศไทย', '#UzmanCavus', '#BuguenGuenlerdenGALATASARAY', '#เป๋าตัง', '#BuguenGuenlerdenGALATASARAY', '#fenerinmacivar', '#kalpunutmaz', '#รักยิ้ม', '#snowmageddon', '#streamagoraphobic']"
2021-02-06,"['หา', 'คน', 'ตอบ', 'เเชท', 'ลูกค้า', 'ค่า', ' ', 'สคริปต์', '               ']","['#TreasureMakerSelcaDay', '#เรารักประเทศไทย', '#แบนiqiyi', '#แบนiQIYI', '#AngelJinhwanDay', '#Youngjae', '#งานออนไลน์', '#รักยิ้ม', '#เป๋าตังค์', '#MrQueen', '#GOODDAY1MViews', '#เป๋าตัง']"
2021-02-06,"['สักที', 'แทค', 'ด่า', ' ', 'ขายของ', 'ดี', 'ล่ม', ' ', 'เฮงซวย', ' ']",['#เป๋าตัง']
2021-02-06,"['ว่าง', ' ', '3', ' ', 'จอ', '  ', 'จอ', ' ', '80', '฿', 'คมชัด', 'ระดับ', ' ', 'UHD', '4', 'K', ' ', 'หาร', ' ', '4', ' ', 'คน', ' ', 'ไลน์', 'คอย', 'เตือน', 'ต่ออายุ', 'จอ', ' ', 'เช็ก', 'เครดิต', 'ร้าน', 'าา', '  ', 'sasinpd', '         ']","['#หารยาวๆค่ะต่อเมล์เดิม', '#หารnetflix', '#NetflixReviewTH', '#netflixราคาถูก', '#แบนiQIYI', '#หาบ้านNetflix', '#เป๋าตัง', '#เราชนะ', '#รีวิวnetflix']"
2021-02-06,"['ช่วยกัน', 'แชร์', 'นะคะ', '     ']","['#เป๋าตัง', '#เรารักประเทศไทย', '#ไม่สู้ก็อยู่อย่างไทย']"
2021-02-06,"['ด่วน', '️', 'งาน', 'ตอบ', 'แชท', 'รายได้', ' ', '2000', '++', 'งาน', 'ฟรี', ' ', 'ค่าใช้จ่าย', ' ', '14', ' ', 'คน', 'สนใจ', 'รี', 'เฟบ', ' ', ' ', 'DM', ' ', ' ', 'สอบถาม', 'คับ', '        ']","['#งานออนไลน์', '#เรารักประเทศไทย', '#เป๋าตัง', '#แบนiQIYI', '#รักยิ้ม', '#Switchtome', '#งานออนไลน์ฟรี', '#งานตอบแชท', '#งานออนไลน์ไม่เสียค่าใช้จ่าย']"
2021-02-06,"['แอพ', 'ส้นตีน', ' ']",['#เป๋าตัง']
2021-02-06,"['สิทธิ', 'ครั้งแรก', ' ', 'โดน', 'แม่ค้า', ' ', 'ชั้น', 'ดู', 'แย่', '  ']",['#เป๋าตัง']
2021-02-06,['         '],"['#ไฟ', '#ไฟตกเเต่งห้อง', '#เป๋าตัง', '#1ปีริชชี่ที่แปลว่าของก็อต', '#namune่ngbnk48', '#เมียจําเป็นep8', '#MrQueen', '#พร้อมส่ง', '#ส่งต่อ', '#ของดีบอกต่อ']"
2021-02-06,"['ด่วน', '️', 'งาน', 'ตอบ', 'แชท', 'รายได้', ' ', '2000', '++', 'งาน', 'ฟรี', ' ', 'ค่าใช้จ่าย', ' ', '14', ' ', 'คน', 'สนใจ', 'รี', 'เฟบ', ' ', ' ', 'DM', ' ', ' ', 'สอบถาม', 'คับ', '        ']","['#งานออนไลน์', '#Switchtome', '#เป๋าตัง', '#แบนiQIYI', '#ของดีบอกต่อ', '#เรารักประเทศไทย', '#งานออนไลน์ฟรี', '#งานตอบแชท', '#งานออนไลน์ไม่เสียค่าใช้จ่าย']"
2021-02-06,"['ฝาก', 'อุดหนุน', 'คับ', 'คนไทย', 'ช่วยกัน', 'ฝาก', 'คับ', ' ', 'ลำบาก', '       ']","['#ShopeeTH', '#ของดีบอกต่อ', '#เป๋าตัง', '#เรารักประเทศไทย', '#ฝากร้าน', '#ฝากไว้ที่ปลายฟ้า']"
2021-02-06,"['แกนนำ', 'บางสิ่ง', 'ม็อบ', 'ปลดแอก', '                      ']","['#เป๋าตัง', '#ไม่สู้ก็อยู่อย่างไทย', '#เรารักประเทศไทย', '#Reno5Series5G', '#โควิด19', '#BNK48', '#FaiiBNK48', '#ช่อง3กด33', '#ช่อง7HD', '#ช่อง8', '#ช่องวัน31', '#ช่อง36', '#ช่อง8', '#ช่องวัน31', '#bbrightvc', '#OrnBNK48', '#สวยพุ่งไปเลยแม่', '#แบนiqiyi', '#CGM48']"
2021-02-06,"['รับสมัคร', 'คน', 'ตอบ', 'เเชท', 'ลูกค้า', 'ค้าบ', 'บ', '              ']","['#TreasureMakerSelcaDay', '#แบนiQIYI', '#แบงค์โบ', '#แบนiqiyi', '#AngelJinhwanDay', '#GOODDAY1MViews', '#ไม่สู้ก็อยู่อย่างไทย', '#รักยิ้ม', '#บิวกิ้นพีพี', '#เป๋าตัง', '#MrQueen', '#fwbกทม']"
2021-02-06,"['ม็อบ', 'ปลดแอก', 'ผู้สนับสนุน', 'ม็อบ', 'ปลดแอก', 'ต้อ', 'ทราบ', '                           ']","['#เป๋าตัง', '#ไม่สู้ก็อยู่อย่างไทย', '#เรารักประเทศไทย', '#Reno5Series5G', '#โควิด19', '#BNK48', '#FaiiBNK48', '#ช่อง3กด33', '#ช่อง7HD', '#ช่อง8', '#ช่องวัน31', '#ช่อง36', '#ช่อง8', '#ช่องวัน31', '#bbrightvc', '#OrnBNK48', '#สวยพุ่งไปเลยแม่', '#แบนiqiyi', '#CGM48', '#LISA']"
2021-02-06,"['ด่วน', '️', 'งาน', 'ตอบ', 'แชท', 'รายได้', ' ', '2000', '++', 'งาน', 'ฟรี', ' ', 'ค่าใช้จ่าย', ' ', '14', ' ', 'คน', 'สนใจ', 'รี', 'เฟบ', ' ', ' ', 'DM', ' ', ' ', 'สอบถาม', 'คับ', '        ']","['#งานออนไลน์', '#ใช้ดีบอกต่อ', '#เป๋าตัง', '#แบนiQIYI', '#แบงค์โบ', '#ตลาดนัดblackpink', '#งานออนไลน์ฟรี', '#งานตอบแชท', '#งานออนไลน์ไม่เสียค่าใช้จ่าย']"
2021-02-06,"['  ', 'ว่าง', ' ', 'ดูดวง', 'ประจำเดือน', ' ', 'กุมภาพันธ์', ' ', '64', 'เช็ค', 'ดวง', 'ราศี', '  ']","['#คนละครึ่ง', '#เป๋าตังค์', '#ทำแท้งเสรี', '#เป๋าตัง']"
2021-02-06,['              '],"['#kalpunutmaz', '#Socialite424', '#europafmisoverparty', '#GunsNRoses', '#HuescaRealMadrid', '#CartagenaRealOviedo', '#RealMadrid', '#morrogarcia', '#SerieDelCaribe2021', '#PetroNuncaSeraPresidente', '#방탄소년단', '#เป๋าตัง', '#MalcolmAndMarie']"
2021-02-06,"['ด่วน', '️', 'งาน', 'ตอบ', 'แชท', 'รายได้', ' ', '2000', '++', 'งาน', 'ฟรี', ' ', 'ค่าใช้จ่าย', ' ', '15', ' ', 'คน', 'สนใจ', 'รี', 'เฟบ', ' ', ' ', 'DM', ' ', ' ', 'สอบถาม', 'คับ', '        ']","['#งานออนไลน์', '#ใช้ดีบอกต่อ', '#เป๋าตัง', '#แบนiQIYI', '#แบงค์โบ', '#ตลาดนัดblackpink', '#งานออนไลน์ฟรี', '#งานตอบแชท', '#งานออนไลน์ไม่เสียค่าใช้จ่าย']"
2021-02-06,"[' ', 'ผลิต', 'แว่น', ' ', 'ARVR', ' ', 'พรีเมียม', ' ', 'ขาย', 'ปีหน้า', ' ', 'แว่น', 'สภาพแวดล้อม', ' ', '3', ' ', 'มิติ', '            ', 'อ่าน', 'gtgt', ' ']","['#Apple', '#banksdollarsine', '#รับทำเว็บไซต์', '#รับทำbacklink', '#รีวิวคาเฟ่', '#Spotify', '#แบนiqiyi', '#MrQueenEp17', '#เป๋าตัง', '#iKON', '#Amazon']"
2021-02-06,"['ด่วน', '️', 'งาน', 'ตอบ', 'แชท', 'รายได้', ' ', '2000', '++', 'งาน', 'ฟรี', ' ', 'ค่าใช้จ่าย', ' ', '15', ' ', 'คน', 'สนใจ', 'สอบถาม', ' ', 'DM', ' ', 'คับ', '         ']","['#งานออนไลน์', '#เป๋าตัง', '#แบนiQIYI', '#เรารักประเทศไทย', '#รักยิ้ม', '#Switchtome', '#งานออนไลน์ฟรี', '#งานตอบแชท', '#งานออนไลน์ไม่เสียค่าใช้จ่าย', '#งานออนไลน์รายได้ดี']"
2021-02-06,"['โหลด', 'อ่ะ', ' ']",['#เป๋าตัง']
2021-02-06,['     '],"['#レッドアイズ', '#เรารักประเทศไทย', '#العلاقات_المؤقته', '#BuguenGuenlerdenGALATASARAY', '#เป๋าตัง', '#الرياض_الان', '#ไม่สู้ก็อยู่อย่างไทย', '#اونلاين_ياوزير_الوضع_خطير', '#SuperBowl', '#แบนiQIYI', '#WWEThunderDome']"
2021-02-06,"[' ', 'nada', ' ', 'bueno', ' ', 'para', ' ', 'Latinoam', 'é', 'rica', ' ']",['#เป๋าตัง']
2021-02-06,"['กด', 'รี', 'ทวิ', 'ต', 'เสื้อ', 'ไหมพรม', ' ', 'หนา', ' ', 'ใส่', 'อุ่น', 'ราคา', ' ', '50', ' ', 'บาท', ' ', 'รูป', 'ทัก', 'สนใจ', 'ทัก', ' ', 'ซื้อ', 'นะคะ', '       ']","['#เสื้อผ้ามือสองสภาพดี', '#เสื้อผ้าเกาหลี', '#เป๋าตัง', '#เป๋าตังค์', '#ทวิตดีคนรีน้อย', '#ไม่สู้ก็อยู่อย่างไทย', '#เราชนะ']"
2021-02-06,['             '],"['#kalpunutmaz', '#Guatemala', '#Socialite424', '#FelizSabadoATodos', '#europafmisoverparty', '#HuescaRealMadrid', '#SerieDelCaribe2021', '#PetroNuncaSeraPresidente', '#justiciaparapancho', '#GunsNRoses', '#MalcolmAndMarie', '#เป๋าตัง', '#방탄소년단']"
2021-02-06,"[' ', 'รับสมัคร', 'พนักงาน', 'ด่วน', ' ', '2', ' ', 'อัตรา', ' ', 'พนักงานขาย', '️', 'อายุ', ' ', '18', 'ปี', 'บริบูรณ์', ' ', '️', 'คอย', 'ตอบ', 'แชท', 'ลูกค้า', ' ', 'คอนเฟิร์ม', 'ออเดอร์', ' ', 'สนใจ', 'งาน', ' ']","['#แบนiQIYI', '#เป๋าตัง']"
2021-02-06,"['ชื่อ', 'เฟส', '\u200b', 'ลุง', '\u200b', 'นะคะ', '\u200b', '      ']","['#แบนiQIYI', '#เป๋าตัง']"
2021-02-06,"['กด', 'รี', 'ทวิ', 'ต', 'ชุด', 'แซก', 'ราคา', ' ', '70', ' ', 'บาท', ' ', 'รูป', 'ทัก', 'สนใจ', 'ทัก', ' ', 'ซื้อ', 'นะคะ', '       ']","['#เสื้อผ้ามือสองสภาพดี', '#เสื้อผ้าเกาหลี', '#เป๋าตัง', '#เป๋าตังค์', '#ทวิตดีคนรีน้อย', '#ไม่สู้ก็อยู่อย่างไทย', '#เราชนะ']"
2021-02-06,"['              ', 'สนใจ', 'กรอก', 'ข้อมูล', 'กด', 'ลิ', 'ังค์', '  ']","['#HANBIN_BELIFT', '#เป๋าตัง', '#ไม่สู้ก็อยู่อย่างไทย', '#เมียจําเป็นep8', '#รักยิ้ม', '#เรารักประเทศไทย', '#sneeuwjacht', '#sneeuwjacht', '#VoteBLACKPINK', '#OPPOReno5Series5GBKPP_BTS', '#งานออนไลน์ฟรี', '#งานพาร์ทไทม์', '#งานออนไลน์พารวย']"
2021-02-06,"['\u200b', 'ลุง', '\u200b', 'ไลฟ์', 'ส\u200b', 'ฝาก', 'อุดหนุน', '\u200b', 'นะคะ', '\u200b', ' ', 'ลุง', 'ขายของ', 'ย\u200b', '  ', 'ออเดอร์', '\u200b', '\u200b', '    ']","['#แบนiQIYI', '#เป๋าตัง']"
2021-02-06,"[' ', 'ยู', 'เหย', 'เนียะ', '   ']","['#ถ้าไม่สู้ก็อยู่อย่างไทย', '#เรารักประเทศไทย', '#เป๋าตัง', '#รัฐบาลส้นตีนคนเชียร์ก็ส้นตีน']"
2021-02-06,['   '],"['#เป๋าตัง', '#skijumpingfamily', '#เมียจําเป็นep8']"
2021-02-06,"['กด', 'รี', 'ทวิ', 'ต', 'เสื้อเชิ้ต', 'ไซส์', 'ราคา', ' ', '150', ' ', 'บาท', ' ', 'ผ้า', 'ดีมาก', 'กก', 'กก', ' ', 'ใส่', 'สไตล์', 'วิน', 'เท', 'จ', 'สนใจ', 'ทัก', ' ', 'ซื้อ', 'นะคะ', '       ']","['#เสื้อผ้ามือสองสภาพดี', '#เสื้อผ้าเกาหลี', '#เป๋าตัง', '#เป๋าตังค์', '#ทวิตดีคนรีน้อย', '#ไม่สู้ก็อยู่อย่างไทย', '#เราชนะ']"
2021-02-06,"['ฝาก', 'ติดตาม', 'เเชร์', 'เฟส', 'ลุง', 'คน', 'อุดหนุน', '     ']","['#เป๋าตัง', '#ไม่สู้ก็อยู่อย่างไทย', '#เรารักประเทศไทย']"
2021-02-06,"['กด', 'รี', 'ทวิ', 'ต', 'เสื้อเชิ้ต', ' ', 'Arrow', ' ', 'ราคา', ' ', '100', ' ', 'บาท', ' ', 'สนใจ', 'ทัก', ' ', 'ซื้อ', 'นะคะ', '       ']","['#เสื้อผ้ามือสองสภาพดี', '#เสื้อผ้าเกาหลี', '#เป๋าตัง', '#เป๋าตังค์', '#ทวิตดีคนรีน้อย', '#ไม่สู้ก็อยู่อย่างไทย', '#เราชนะ']"
2021-02-06,"['ประสบการณ์', ' ', 'งาน', 'ออนไลน์', ' ', 'Freedom', ' ', 'สอน', 'งาน', 'ออนไลน์', 'อายุ', ' ', '20', ' ', 'ปี', 'ขึ้นไป', 'งาน', 'ถูกกฎหมาย', '100', ' ', 'รายได้', ' ', '30007000', '฿', 'สัปดาห์', 'สนใจ', 'งาน', 'Add', ' ', 'ID', '   ', '   ']","['#อิทธิริช', '#เป๋าตัง', '#เมียจําเป็นep8']"
2021-02-06,"[' ', 'ใช้ไม่ได้', ' ', 'อิสัส']",['#เป๋าตัง']
2021-02-06,"['เหอะ', ' ', ' ', 'คนใช้', 'เงิน', 'อิเล็กทรอนิกส์', 'มากขึ้น', ' ', 'สำเหนียก', 'ศักยภาพ', 'ตัวเอง', ' ']",['#เป๋าตัง']
2021-02-06,"['ธนาคาร', 'กรุงไทย', 'แจ้ง', '   ', 'ใช้ได้', ' ']",['#เป๋าตัง']
2021-02-06,"['           ', 'CAN', ' ', 'SOMEONE', ' ', 'PLEASE', ' ', 'TRANSLATE', ' ', 'LOOKS', ' ', 'LIKE', '  ', 'nuke', ' ', 'I', ' ', 'NEED', ' ', 'TO', ' ', 'KNOW', ' ', 'WHAT', ' ', 'MY', ' ', 'PAPYRUS', ' ', 'SAYS', ' ']","['#AncientAliens', '#Egypt', '#العلاقات_المؤقته', '#レッドアイズ', '#เป๋าตัง', '#เรารักประเทศไทย', '#شكرا_البطل_مؤيد_المعشني', '#translation', '#Egyptian']"
2021-02-06,"['ล่ม', 'กุ', 'ตัง', '50', 'ตั้งใจ', 'ซื้อ', 'หลายอย่าง', 'เวง', 'กก', 'กก', ' ']",['#เป๋าตัง']
2021-02-06,"['เปิดเทอม', ' ', 'เรียนรู้', 'ปกป้อง', 'ปลอดภัย', 'ศูนย์รวม', 'หน้ากาก', 'อนามัย', 'ทางการแพทย์', ' ', 'รง', 'ไทย', ' ', 'กล่อง', ' ', '7995', 'บาท', ' ', 'Mind', ' ', 'maskSURELUCKY', ' ', 'เด็ก', 'ผู้ใหญ่', 'Let', ' ', ' ', 'care', ' ', 'Ketkham', '              ']","['#โควิด19', '#หน้ากากอนามัย', '#เป๋าตัง']"
2021-02-06,"['W', ' ', 'cafe', ' ', 'โคราช', ' ', 'สไตล์', 'มินิ', 'มอ', 'ล', ' ', 'เหมือน', 'เขาใหญ่', 'ร้าน', ' ', 'วิว', 'สวย', ' ', '180', ' ', 'องศา', '                   ', 'อ่าน', ' ', 'gtgt', ' ']","['#wcafe', '#คาเฟ่', '#เที่ยวโคราช', '#ร้านกาแฟโคราช', '#นครราชสีมา', '#รับทำseo', '#ฝากร้าน', '#รับทำเว็บไซต์', '#รับทำbacklink', '#รีวิวคาเฟ่', '#Spotify', '#แบนiqiyi', '#MrQueenEp17', '#เป๋าตัง', '#iKON']"
2021-02-06,"['หาร', ' ', 'Netflix', '  ', 'premium', ' ', '4', 'k', '             ', '39', '฿', '  ', '30', ' ', 'Days', '  ', 'แอ', 'ค', 'ไทย', 'ตัด', 'บัตร', '100', 'ชัด', 'ระดับ', ' ', 'HD', 'รับประกัน', 'การใช้งาน', '         ']","['#หารnetflixราคาถูก', '#หารnetflix', '#MrQueenEp17', '#เป๋าตัง', '#บิวกิ้นพีพี', '#TreasureMakerSelcaDay', '#GoodDay1Mviews', '#รักยิ้ม', '#LYRAxLINETV']"
2021-02-06,"['กด', 'รี', 'ทวิ', 'ต', 'หนังสือ', 'นิยาย', 'ราคา', ' ', '50', ' ', 'บาท', '  ', '️', 'สนใจ', 'ทัก', ' ', 'ซื้อ', 'นะคะ', '       ']","['#เสื้อผ้ามือสองสภาพดี', '#เสื้อผ้าเกาหลี', '#เป๋าตัง', '#เป๋าตังค์', '#ทวิตดีคนรีน้อย', '#ไม่สู้ก็อยู่อย่างไทย', '#เราชนะ']"
2021-02-06,"['บางคน', 'ดำรงอยู่', 'ความหวัง', 'ปรัชญา', '  ', 'ผม', 'ความฝัน', 'ศรัทธา', '           ']","['#OneDay', '#Spotify', '#แบนiqiyi', '#MrQueenEp17', '#เป๋าตัง', '#iKON', '#banksdollarsine', '#รับทำseo', '#รับทำเว็บไซต์', '#รับทำbacklink']"
2021-02-06,"['OnePlus', ' ', 'nord', ' ', '5', 'G', '            ']","['#レッドアイズ', '#HANBIN_BELIFT', '#เป๋าตัง', '#fenerinmacivar', '#kalpunutmaz', '#ไม่สู้ก็อยู่อย่างไทย', '#รักยิ้ม', '#เรารักประเทศไทย', '#sneeuwjacht', '#1ปีริชชี่ที่แปลว่าของก็อต', '#IN_GraduationDay', '#INDvsENG', '#SaturdayMotivation']"
2021-02-06,"['กด', 'รี', 'ทวิ', 'ต', 'กระโปรง', 'ลาย', 'เสือ', ' ', 'สวย', 'ราคา', ' ', '50', ' ', 'บาท', ' ', 'สนใจ', 'ทัก', ' ', 'ซื้อ', 'นะคะ', '       ']","['#เสื้อผ้ามือสองสภาพดี', '#เสื้อผ้าเกาหลี', '#เป๋าตัง', '#เป๋าตังค์', '#ทวิตดีคนรีน้อย', '#ไม่สู้ก็อยู่อย่างไทย', '#เราชนะ']"
2021-02-06,"[' ', '𝐍𝐞𝐭𝐟𝐥𝐢𝐱', '  ', '30', ' ', 'day', '  ', '45', ' ', 'bath', ' ', '❥', 'คมชัด', 'ระดับ', ' ', '4', 'k', '❥', 'แอ', 'ค', 'ไทย', ' ', '100', ' ', 'มุด', '❥', 'ดู', 'เรื่อง', ' ', 'สนุก', ' ', 'เพลิน', '          ']","['#Netflix', '#หารnetflix', '#หารnetflixราคาถูก', '#NetflixTH', '#หารเน็ตฟลิกซ์', '#ไม่สู้ก็อยู่อย่างไทย', '#เป๋าตัง', '#ELLEMENxGULF', '#enchantejohnny2021', '#dunromch', '#HANBIN']"
2021-02-06,"['แบบนี้', 'ง่า', ' ']",['#เป๋าตัง']
2021-02-06,"['แบ', 'บดี', 'เ', 'เอ', 'พ', 'ธนาคาร', 'ตัวเอง', 'มีเงิน', 'อ่ะ', ' ', 'ไม่งั้น', 'มีเงิน', 'จ่าย', 'แน่นอน', 'อ่ะ', 'ง', 'เนย', ' ', 'อิเวงงง', ' ']",['#เป๋าตัง']
2021-02-06,"['โอ๊ย', ' ', 'ซื้อ', 'น้ำ', 'ร้าน', 'นึง', ' ', 'ราคา', 'แรง', ' ', 'ตั้งใจ', 'คนละ', 'ครึ่ง', ' ', ' ', 'app', ' ', 'ปุ๊บ', ' ', 'ทำ', 'รายการ', ' ', 'โคตร', 'เซ็ง', '  ']","['#เป๋าตัง', '#เป๋าตัง']"
2021-02-06,"[' ', 'j', 'á', '          ', 'Karol', ' ', 'Conk', 'á', ' ', 'Juliette', ' ', 'Fiuk']","['#kalpunutmaz', '#ไม่สู้ก็อยู่อย่างไทย', '#เป๋าตัง', '#レッドアイズ', '#skijumpingfamily', '#BBB', '#BBB21', '#BBB2021', '#followtrick', '#festabbb']"
2021-02-06,['                    '],"['#Hindus', '#Radhe', '#kalpunutmaz', '#ENHYPEN', '#PSL6', '#MalcolmAndMarie', '#SydneySixers', '#สโนวบอลคิดถึงน้องวิน', '#AVFC', '#VoteBLACKPINK', '#ไม่สู้ก็อยู่อย่างไทย', '#Sahara', '#เป๋าตัง', '#VoteBTS', '#AlboForPM', '#StopAdaniSaveChennai', '#FarmersProtest', '#IndianFarmersHumanRights', '#FarmersAreIndia', '#FarmBills2020']"
2021-02-06,"['กด', 'รี', 'ทวิ', 'ต', 'ตัว', ' ', '30', ' ', 'บาท', ' ', 'สนใจ', 'ทัก', ' ', 'ซื้อ', 'นะคะ', '      ']","['#เสื้อมือสองสภาพดี', '#เป๋าตัง', '#เป๋าตังค์', '#ทวิตดีคนรีน้อย', '#ไม่สู้ก็อยู่อย่างไทย', '#เราชนะ']"
2021-02-06,['        '],"['#เป๋าตัง', '#BLACKPINK', '#EVERGLOW', '#Colombia', '#SaludMental', '#ColombiaGay', '#CaliSeVacunaPorLaVida', '#Bogota']"
2021-02-06,"['อิ', 'เหี้ย', ' ', 'ขนาด', 'พม่า', 'บ้านเมือง', 'ยุ่ง', ' ', 'ยังมี', 'เวลา', 'อนุมัติ', 'วัคซีน', ' ', '1', ' ', ' ', 'ไอ้', 'เหี้ย', 'ตู่', 'พ่อ', 'ทำ', 'ประเทศ', 'ไทย', ' ', 'วันที่', ' ', 'ทำลาย', 'เศรษฐกิจ', 'ประเทศ', 'มหาศาล', 'ไอ้', 'ควาย', '    ']","['#ไม่สู้ก็อยู่อย่างไทย', '#เรารักประเทศไทย', '#เป๋าตัง']"
2021-02-06,"['แอพ', 'ใช้ได้', 'ปกติ', ' ']",['#เป๋าตัง']
2021-02-06,"[' ', 'sim', '          ', 'Karol', ' ', 'Conk', 'á', ' ', 'Juliette', ' ', 'Fiuk']","['#kalpunutmaz', '#ไม่สู้ก็อยู่อย่างไทย', '#เป๋าตัง', '#レッドアイズ', '#skijumpingfamily', '#BBB', '#BBB21', '#BBB2021', '#followtrick', '#festabbb']"
2021-02-06,"['คนไทย', 'ต้าน', 'เผด็จการ', ' ', 'ได้ประโยชน์', ' ', 'ฝัน', 'วันหนึ่ง', ' ', '‘', 'บ่าว', 'คนโปรด', '’', 'พี่', 'แขก', ' ', 'ผกา', '  ']","['#ไม่สู้ก็อยู่อย่างไทย', '#เป๋าตัง']"
2021-02-06,"['ตอนนี้', 'ใช้ได้', ' ']",['#เป๋าตัง']
2021-02-06,"['เสริม', 'สิริมงคล', 'เดือน', ' ', 'ลูกศิษย์', 'สนใจ', 'อาจารย์', 'สวด', 'เสริม', 'ดวงชะตา', ' ', 'ทัก', ' ', 'แก้', 'ดวงตก', ' ', 'พลิกฟื้น', 'ดวงชะตา', ' ', 'หนุน', 'การงาน', ' ', 'การเงิน', ' ', 'เสริม', 'ชะตา', 'ราศี', ' ', 'หนุน', 'โชคลาภ', ' ', 'เสริม', 'สิริมงคล', 'ชีวิต', 'รี', 'บอกบุญ', 'นะคะ', '     ']","['#ดูดวง', '#ดูดวงไพ่ยิปซี', '#เป๋าตัง', '#ดูดวงแม่นๆ', '#ดูดวง']"
2021-02-06,['  '],"['#แบนiQIYI', '#เป๋าตัง', '#ไม่สู้ก็อยู่อย่างไทย']"
2021-02-06,"['รับสมัคร', 'คน', 'คอนเฟิร์ม', 'ออเดอร์', 'อายุ', ' ', '20', ' ', 'ปี', 'ขึ้นไป', 'สนใจ', 'งาน', 'แอด', 'ไลน์', 'Line', ' ', 'ID', '               ']","['#งานออนไลน์', '#งานพาร์ทไทม์', '#งานออนไลน์ได้เงินจริง', '#เป๋าตัง', '#บินว่อนกับบอนซ์วินEp5', '#อิทธิริช', '#winten', '#HANBIN', '#sungsho', '#meandmyastrostuffs']"
2021-02-06,"['เติม', 'ตัง', 'เข้าไป', 'หัก', 'เงิน', 'แล้วด้วย', ' ', 'เสือก', 'ใช้ไม่ได้', ' ', 'อิ', 'เวน', ' ']",['#เป๋าตัง']
2021-02-06,['                '],"['#เป๋าตัง', '#اونلاين_ياوزير_الوضع_خطير', '#رابطة_المتكممين', '#ميقا', '#السوق60', '#فيتوريا', '#بالكويت', '#السوق61', '#بوسكيتس', '#كبلز', '#ديووث', '#طاقات', '#السيسي', '#OzoAndNengi', '#القاهرة', '#الزمالك']"
2021-02-06,"['CARNES', ' ', 'PARA', ' ', 'MI', ' ', 'P', 'Ú', 'BLICO', '                      ']","['#RepublicaDominicana', '#FOTOS', '#fotografia', '#money', '#Cash', '#SantoDomingo', '#viral', '#Facebook', '#instagram', '#postponegate2021', '#post', '#เป๋าตัง', '#LatinoAmerica', '#California', '#pretty', '#PrettySavage', '#Laindustria', '#follobackforfolloback', '#follando', '#Sexy', '#Uruguay', '#Paraguay']"
2021-02-06,"['    ', '𝙿𝚊𝚛𝚝𝚝𝚒𝚖𝚎', '  ', '𝙵𝚞𝚕𝚕𝚝𝚒𝚖𝚎', 'อายุ', '18', 'ปี', 'ขึ้นไป', 'รายได้', 'สัปดาห์', ' ', '50007000', '฿', 'รายได้', 'เดือน', ' ', '2000035000', '฿', 'งาน', 'ถู', 'กก', 'ฏ', 'หมาย', 'สนใจ', 'งาน', 'แอด', 'ไลน์', 'นะคะ', 'ไอ', 'ดี', 'ไลน์', ' ', 'ข้างหน้า', 'นะคะ', ' ']","['#สโนวบอลคิดถึงน้องวิน', '#เป๋าตังค์', '#เป๋าตัง', '#ขยี้ซีนกับคิมคอป', '#ประชาสัมพันธ์']"
2021-02-06,"['ค่า', 'บ', 'ผ้า', 'ขาย', ' ', 'ผ้าลาย', ' ', '2', ' ', 'รา', 'คาน้า', 'ปัด', 'ซ้าย', 'ดู', 'สี', 'งับ', ' ', 'ครึ่ง', 'เมตร', ' ', '45', ' ', 'บาท', ' ', '5050', ' ', 'เม', 'ตรละ', ' ', '80', ' ', 'บาท', ' ', 'ราคา', 'เย็บ', 'ขอบ', 'น้า', ' ', 'เย็บ', 'ขอบ', ' ', '10', ' ', 'บาท', 'ต้องการ', 'เย็บ', 'น้า', 'า', 'Line', '      ']","['#BLACKPINK', '#เป๋าตัง', '#ใช้จริงรีวิวจริง', '#JISOO', '#ไม่สู้ก็อยู่อย่างไทย']"
2021-02-06,"['Available', ' ', '    ']","['#YouTube', '#เป๋าตัง', '#youtube_india']"
2021-02-06,"['วืด', 'สิ', '  ']",['#เป๋าตัง']
2021-02-06,"[' ', 'ล่ม', ' ', 'นึกถึง', ' ', 'รัก', ' ', 'กระ', 'เ', 'เดะ', 'สังคม', 'ไร้', 'เงินสด', 'แอพ', 'ห่วย', ' ', 'คน', 'ซื้อ', 'ล่ม', 'กลางคัน', 'งี้', 'เดือดร้อน', 'เด้อ', 'เงินติดตัว', ' ', 'ร้าน', 'โอน', 'ทำ', 'อะ', ' ', 'ทำ', 'ก้อ', 'มันดี', 'ประเทศ', 'แอบ', 'เผด็จ', 'ทำ', 'ก้อ', ' ']",['#เป๋าตัง']
2021-02-06,"[' ', 'sim', '          ', 'Karol', ' ', 'Conk', 'á', ' ', 'Juliette', ' ', 'Fiuk']","['#kalpunutmaz', '#ไม่สู้ก็อยู่อย่างไทย', '#เป๋าตัง', '#レッドアイズ', '#skijumpingfamily', '#BBB', '#BBB21', '#BBB2021', '#followtrick', '#festabbb']"
2021-02-06,"['Words', ' ', ' ', 'inspiration', ' ', 'courage', ' ', ' ', ' ', 'live', ' ', 'bySpoken', ' ', 'poem', '  ', 'clegacyFollow', ' ', ' ', ' ', 'insta', ' ', 'legacy', '1985', '              ']","['#inspiration', '#poetry', '#NationalStorytellingWeek', '#ChakkaJam', '#Defenceless', '#ENHYPEN', '#HumanRights', '#เป๋าตัง', '#เรารักประเทศไทย', '#ไม่สู้ก็อยู่อย่างไทย', '#نايف_حمدان', '#لن_نغلق', '#الرياض_الان']"
2021-02-06,['                    '],"['#GOODDAY1MViews', '#เป๋าตัง', '#เป๋าตังค์', '#บิวกิ้นพีพี', '#AngelJinhwanDay', '#งานออนไลน์ฟรี', '#รักยิ้ม', '#ดีเจมะตูม', '#ไม่สู้ก็อยู่อย่างไทย', '#MrQueenEp17', '#TreasureMakerSelcaDay', '#สโนวบอลคิดถึงน้องวิน', '#LYRAxLINETV', '#เรารักประเทศไทย', '#กพ64', '#งานออนไลน์รายได้ดี']"
2021-02-07,"['เปิดเทอม', ' ', 'เรียนรู้', 'ปกป้อง', 'ปลอดภัย', 'ศูนย์รวม', 'หน้ากาก', 'อนามัย', 'ทางการแพทย์', ' ', 'รง', 'ไทย', ' ', 'กล่อง', ' ', '7995', 'บาท', ' ', 'Mind', ' ', 'maskSURELUCKY', ' ', 'เด็ก', 'ผู้ใหญ่', 'Let', ' ', ' ', 'care', ' ', 'Ketkham', '                 ']","['#โควิด19', '#หน้ากากอนามัย', '#สมุทรสาคร', '#ขาย', '#ข่าว', '#เป๋าตัง']"
2021-02-07,"['สมาร์ท', 'โฟน', 'พ่อ', 'รุ่น', 'กล้อง', 'ชัด', 'สแกน', 'บัตร', 'ปชช', ' ', 'สมาร์ท', 'โฟน', 'ผูก', 'g', ' ', 'wallet', ' ', 'บัตร', 'ปชช', 'พ่อ', ' ', 'สิทธิ', 'พ่อ', 'สิทธิ', ' ', 'รู้', 'ตอบ', 'นะคะ', '   ']","['#เราชนะ', '#เป๋าตัง']"
2021-02-07,"['ทราบ', 'คนละ', 'จังหวัด', 'ลูกค้า', ' ', 'แบบนี้', ' ', 'ทำ', 'อะ', '       ']","['#คนละครึ่ง', '#เราชนะ', '#บัตรสวัสดิการแห่งรัฐ', '#บัตรคนจน', '#เป๋าตัง']"
2021-02-07,"['โต้', 'เอ๋ย', 'ย', 'ไม่ต้อง', 'ทา', 'นาคา', 'ทา', ' ', 'สิ', 'อ่ะ', 'เฮื่อออ', '    ']","['#เป๋าตัง', '#เราชนะ', '#ไม่สู้ก็อยู่อย่างไทย', '#ตสนตหธอกค']"
2021-02-07,"['ปัญหา', 'ชีวิต', '  ', 'สิทธิ์', 'คนละ', 'ครึ่ง', 'หาย', ' ', '100', ' ', ' ', '2', ' ', 'บาท', 'ยอด', 'คืน', 'พรุ่งนี้', 'บุก', ' ', 'ธ', 'กรุงไทย', '  ']","['#เป๋าตัง', '#คนละครึ่ง']"
2021-02-07,"['แจก', 'ฉลอง', 'เรียนจบ', 'นะคะ', 'เดือน', '5555555555', 'ค่า', 'น้า', 'าา', ' ', ' ', '5', ' ', 'ใบ', 'แบ้', 'ววว', '                  ']","['#แจก', '#แจกฟรี', '#ส่งต่อ', '#กระเป๋าตังค์', '#กระเป๋า', '#ตลาดนัดดาบพิฆาตอสูร', '#1000stars', '#27dayswithTEN', '#HappyJHOPEday', '#COVID19', '#กพ64', '#เราชนะ', '#เน่เทา', '#เป๋าตัง', '#ถุงเงิน', '#dek65', '#EFMFandomxNontfam']"
2021-02-07,"['ว่าง', ' ', '1', ' ', 'จอ', '              ']","['#หารnetflix', '#NetflixReviewTH', '#netflixราคาถูก', '#แบนiQIYI', '#หาบ้านNetflix', '#เป๋าตัง', '#เราชนะ', '#รีวิวnetflix', '#MrQueenEp17', '#MarkTuan', '#IGOT7']"
2021-02-07,"['   ', 'ว่าง', ' ', 'ดูดวง', 'ประจำเดือน', ' ', 'กุมภาพันธ์', ' ', '64', 'เช็ค', 'ดวง', 'ราศี', '  ']","['#คนละครึ่ง', '#เป๋าตังค์', '#ถุงเงิน', '#เป๋าตัง', '#เราชนะ']"
2021-02-07,"['เปิดเทอม', ' ', 'เรียนรู้', 'ปกป้อง', 'ปลอดภัย', 'ศูนย์รวม', 'หน้ากาก', 'อนามัย', 'ทางการแพทย์', ' ', 'รง', 'ไทย', ' ', 'กล่อง', ' ', '7995', 'บาท', ' ', 'Mind', ' ', 'maskSURELUCKY', ' ', 'เด็ก', 'ผู้ใหญ่', 'Let', ' ', ' ', 'care', ' ', 'Ketkham', '                 ']","['#โควิด19', '#หน้ากากอนามัย', '#สมุทรสาคร', '#ขาย', '#ข่าว', '#เป๋าตัง']"
2021-02-07,"['แม่', ' ', 'otp', ' ', ' ']",['#เป๋าตัง']
2021-02-07,"['เงิน', 'แอ', 'ป', 'ถุงเงิน', ' ', 'ตัด', 'เงิน', 'ลูกค้า', ' ', 'ยอด', 'แม่ค้า', ' ', 'ปัญหา', ' ', 'ลูกค้า', 'แอ', 'ป', ' ', 'เงิน', 'แม่ค้า', ' ', 'อิ', 'หยัง', ' ', 'พัน', 'เด้อ', ' ', 'ย้อนหลัง', '  ']","['#ถุงเงิน', '#คนละครึ่ง', '#เป๋าตัง']"
2021-02-07,"['ขายของ', 'เด้อ', 'แจก', 'ฟรี', ' ', 'แม่ค้า', 'งง', 'ลูกค้า', 'งง', ' ', 'แล้', 'วจะ', 'ทำ', ' ', 'ตอนนี้', 'อยากรู้', 'ได้เงิน', 'คืน', ' ', 'เครียด', 'ดด', '   ']","['#คนละครึ่ง', '#ถุงเงิน', '#เป๋าตัง']"
2021-02-07,"['เปิดเทอม', ' ', 'เรียนรู้', 'ปกป้อง', 'ปลอดภัย', 'ศูนย์รวม', 'หน้ากาก', 'อนามัย', 'ทางการแพทย์', ' ', 'รง', 'ไทย', ' ', 'กล่อง', ' ', '7995', 'บาท', ' ', 'Mind', ' ', 'maskSURELUCKY', ' ', 'เด็ก', 'ผู้ใหญ่', 'Let', ' ', ' ', 'care', ' ', 'Ketkham', '                ']","['#โควิด19', '#หน้ากากอนามัย', '#ขาย', '#ข่าว', '#เป๋าตัง']"
2021-02-07,"['เอาละ', ' ', 'รายการ', 'ลูกค้า', 'โอน', '4', 'โมง', 'เย็น', 'คน', '   ']","['#เป๋าตัง', '#ถุงเงิน']"
2021-02-07,"['Scale', ' ', ' ', ' ', 'จำนวน', ' ', 'Transaction', ' ', 'หรือว่า', ' ', 'ล่ม', 'แบบนี้', ' ', 'Trust', ' ', ' ', ' ', 'Shifting', ' ', '   ']","['#เป๋าตัง', '#ถุงเงิน']"
2021-02-07,"['ลูกค้า', 'โอน', 'เงิน', ' ', ' ', 'เด้ง', 'คนเดียว', 'ที่มา', 'สิทธิ์', ' ', 'เมื่อกี้', ' ', 'สรุป', 'เงิน', '   ']","['#คนละครึ่ง', '#เป๋าตังล่ม', '#เป๋าตัง']"
2021-02-07,"['ล่ม', 'เก่', 'งง', 'งง', 'งง', 'งง', ' ', '08022564', '      ']","['#ไทยชนะ', '#เราชนะ', '#เป๋าตัง', '#ถุงเงิน', '#บัตรคนจน']"
2021-02-07,"['ขายของ', 'ขาย', 'ลูกค้า', 'แอพ', '  ', ' ', 'ลูกค้า', 'สแกน', 'เงิน', ' ', 'แอพ', '  ', ' ', 'อห']","['#เป๋าตัง', '#ถุงเงิน']"
2021-02-07,"[' ', 'แอ', 'ป', 'ถุงเงิน', 'มีปัญหา', 'ติดต่อสอบถาม', ' ', 'ลูกค้า', 'สแกน', 'เงิน', 'แอ', 'ป', ' ', 'ระบบ', 'จะแจ้ง', 'ยอดเงิน', 'ทีหลัง', '   ']","['#ถุงเงิน', '#คนละครึ่ง', '#เป๋าตัง']"
2021-02-07,"['️', 'ตอนนี้', ' ', '1', ' ', 'โควต้า', '️', 'ต้องการ', 'สั่ง', 'จำนวน', 'โควต้า', ' ', 'ติดต่อ', 'ร้าน', ' ', 'ร้าน', 'รอบ', 'สนใจ', ' ', 'DM', ' ', '            ']","['#หน้ากากkf94', '#หน้ากากอนามัย', '#โควิด', '#COVID19', '#โควิด19', '#หน้ากากอนามัยเกาหลี', '#KF94', '#เราชนะ', '#Dek64', '#เป๋าตัง', '#ทีมมศว', '#MrqueenEP18']"
2021-02-07,"['เป๋า', 'ตัง', 'เหี้ย', ' ', 'แม่', 'จ่าย', 'ร้าน', ' ', 'เงิน', 'ร้านค้า', ' ', 'ตอนนี้', 'คุย', ' ', 'รับผิดชอบ', ' ', 'เงิน', 'รู้', ' ', 'เครียด', ' ']",['#เป๋าตัง']
2021-02-07,"['ลูกค้า', 'โอน', 'เงิน', 'แม่ค้า', 'ค่า', ' ', 'ล่ม', 'อีกแล้ว', 'หรอ', 'อส', '  ']","['#เป๋าตัง', '#ถุงเงิน']"
2021-02-07,"['ซื้อ', 'เมื่อกี้', 'จ่าย', 'คนละ', 'ครึ่ง', 'เงิน', 'หักออก', 'ใบเสร็จ', ' ', 'เงิน', 'เจ้าของร้าน', ' ', 'เจ้าของร้าน', 'ออกจาก', 'ร้าน', 'เงิน', ' ', ' ', 'ระบบ', 'เน็ต', 'เจ้าของร้าน', ' ']",['#เป๋าตัง']
2021-02-07,['                   '],"['#แจกฟรีไม่รีได้ไง', '#แจกฟรีแค่รีฟอล', '#ส่งต่อคสอ', '#ส่งต่อสกินแคร์เกาหลี', '#ส่งต่อสกินแคร์', '#Huxley', '#ไม่สู้ก็อยู่อย่างไทย', '#เป๋าตัง', '#ใช้ดีบอกต่อ', '#ไว้รีวิวห้ามขายของโว้ยย', '#MrQueen', '#MrQueenEp17', '#JISOO', '#ROSÉ', '#ripไอดอ', '#พิมรีพาย', '#พิมรี่พายขายทุกอย่าง', '#ปรมาจารย์ลัทธิมาร', '#THESHOW_BLACKPINK']"
2021-02-07,"['ไม่ต้อง', 'รีบ', ' ', 'ชนะ', ' ', 'เวลาปิด', 'ลงทะเบียน', 'สำหรับ', 'ประชาชน', 'สมาร์ท', 'โฟน', ' ', 'ลงทะเบียน', 'เข้าร่วม', 'โครงการ', 'ชนะ', ' ', 'ธนาคาร', 'รัฐ', ' ', 'ออมสิน', ' ', 'ธกส', ' ', 'กรุงไทย', ' ', 'สาขา', ' ', 'วันที่', ' ', '15', ' ', 'กพ', ' ', ' ', 'ที่มา', '  ', 'เพจ', ' ', 'ศูนย์', 'ข้อมูล', ' ', 'COVID', '19', ' ']","['#เราชนะ', '#เป๋าตัง']"
2021-02-07,"['ไม่ต้อง', 'รีบ', ' ', 'ชนะ', ' ', 'เวลาปิด', 'ลงทะเบียน', 'สำหรับ', 'ประชาชน', 'สมาร์ท', 'โฟน', ' ', 'ลงทะเบียน', 'เข้าร่วม', 'โครงการ', 'ชนะ', ' ', 'ธนาคาร', 'รัฐ', ' ', 'ออมสิน', ' ', 'ธกส', ' ', 'กรุงไทย', ' ', 'สาขา', ' ', 'วันที่', ' ', '15', ' ', 'กพ', ' ', ' ', 'ที่มา', '  ', 'เพจ', ' ', 'ศูนย์', 'ข้อมูล', ' ', 'COVID', '19', ' ']","['#เราชนะ', '#เป๋าตัง']"
2021-02-07,"['อ้าว', ' ', 'จ่าย', 'ตัง', '  ', 'ร้าน', 'ยอด', ' ', 'อีหยัง', 'วะ', '  ', 'เมื่อกี้']",['#เป๋าตัง']
2021-02-07,"['เปิดเทอม', ' ', 'เรียนรู้', 'ปกป้อง', 'ปลอดภัย', 'ศูนย์รวม', 'หน้ากาก', 'อนามัย', 'ทางการแพทย์', ' ', 'รง', 'ไทย', ' ', 'กล่อง', ' ', '7995', 'บาท', ' ', 'Mind', ' ', 'maskSURELUCKY', ' ', 'เด็ก', 'ผู้ใหญ่', 'Let', ' ', ' ', 'care', ' ', 'Ketkham', '                 ']","['#โควิด19', '#หน้ากากอนามัย', '#สมุทรสาคร', '#ขาย', '#ข่าว', '#เป๋าตัง']"
2021-02-07,"['แลก', 'เงินสด', ' ', 'หัก', '70', 'บาท', 'สัปดาห์', 'ค่า', ' ', 'โอน', 'คืน', 'ไม่ต้อง', 'รอ', '    ']","['#เราชนะ', '#เป๋าตัง', '#ถุงเงิน']"
2021-02-07,"['คลัง', 'ปลื้ม', 'ใช้จ่าย', '  ', 'คึกคัก', ' ', 'ย้ำ', 'เตรียม', 'สร้าง', 'แถบ', 'ข้อความ', 'แอ', 'ปฯ', '  ', 'ข้าราชการ', 'รัฐวิสาหกิจ', ' ', 'รับเงิน', ' ']","['#บัตรสวัสดิการแห่งรัฐ', '#เป๋าตัง']"
2021-02-07,"['  ', 'โว้ย', 'ยยยยย']",['#เป๋าตัง']
2021-02-07,"['ว่าง', ' ', '1', ' ', 'จอ', '              ']","['#หารnetflix', '#NetflixReviewTH', '#netflixราคาถูก', '#แบนiQIYI', '#หาบ้านNetflix', '#เป๋าตัง', '#เราชนะ', '#รีวิวnetflix', '#MrQueenEp17', '#MarkTuan', '#IGOT7']"
2021-02-07,"['สอน', 'งาน', 'ฟรี', ' ', ' ', 'Mentors', ' ', 'พื้นฐาน', 'อินเทอร์เน็ต', 'อายุ', ' ', '18', ' ', 'ปี', 'ขึ้นไป', ' ', 'แอด', 'ไลน์', '  ', '             ']","['#saveG', '#SadMovie', '#ออฟกัน', '#กินกุมิแล้วเป็นแฟนกุมะ', '#ปรมาจารย์ลัทธิมาร', '#หกฉากครับจารย์', '#งานออนไลน์', '#เป๋าตัง', '#MrQueenEp17', '#มุกอ่อยแห่งปี', '#bbrightvc', '#BamBam', '#หางานเสริมทําที่บ้าน']"
2021-02-07,"['สอน', 'งาน', 'ฟรี', ' ', ' ', 'Mentors', ' ', 'พื้นฐาน', 'อินเทอร์เน็ต', 'อายุ', ' ', '18', ' ', 'ปี', 'ขึ้นไป', ' ', 'แอด', 'ไลน์', '  ', '            ']","['#ComingSoon', '#ปรมาจารย์ลัทธิมาร', '#หกฉากครับจารย์', '#เป๋าตัง', '#bbrightvc', '#BamBam', '#กินกุมิแล้วเป็นแฟนกุมะ', '#มุกอ่อยแห่งปี', '#งานออนไลน์', '#หวานใจมิวกลัฟ', '#งานเสริม', '#14Mตกลงฉันคิดไปเองใช่ไหม']"
2021-02-07,"['เปิดเทอม', ' ', 'เรียนรู้', 'ปกป้อง', 'ปลอดภัย', 'ศูนย์รวม', 'หน้ากาก', 'อนามัย', 'ทางการแพทย์', ' ', 'รง', 'ไทย', ' ', 'กล่อง', ' ', '7995', 'บาท', ' ', 'Mind', ' ', 'maskSURELUCKY', ' ', 'เด็ก', 'ผู้ใหญ่', 'Let', ' ', ' ', 'care', ' ', 'Ketkham', '                 ']","['#โควิด19', '#หน้ากากอนามัย', '#สมุทรสาคร', '#ขาย', '#ข่าว', '#เป๋าตัง']"
2021-02-07,"['เปิดเทอม', ' ', 'เรียนรู้', 'ปกป้อง', 'ปลอดภัย', 'ศูนย์รวม', 'หน้ากาก', 'อนามัย', 'ทางการแพทย์', ' ', 'รง', 'ไทย', ' ', 'กล่อง', ' ', '7995', 'บาท', ' ', 'Mind', ' ', 'maskSURELUCKY', ' ', 'เด็ก', 'ผู้ใหญ่', 'Let', ' ', ' ', 'care', ' ', 'Ketkham', '                 ']","['#โควิด19', '#หน้ากากอนามัย', '#สมุทรสาคร', '#ขาย', '#ข่าว', '#เป๋าตัง']"
2021-02-07,['             '],"['#เสื้อผ้าแฟชั่น', '#พร้อมส่ง', '#ไม่สู้ก็อยู่อย่างไทย', '#เสื้อผ้าพร้อมส่ง', '#สายฝอ', '#เสื้อผ้าสายฝอ', '#ปัง', '#ของมันต้องมี', '#ของดีบอกต่อ', '#4eve', '#เป๋าตัง', '#รีวิว', '#TrueBeautyEp16', '#MrqueenEP18']"
2021-02-07,"['   ', 'เงิน', 'เยียวยา', 'ใช้ได้', 'ร้านค้า', 'ที่อยู่', 'โครงการ', ' ', 'เยียวยา', ' ', 'ไอ้', 'โครงการ', 'กระตุ้น', 'เศรษฐกิจ', 'อยู่แล้ว', 'แอพ', 'เป๋า', 'ตัง', 'ซื้อ', 'ชนะ', 'อ่ะ', ' ', 'คน', 'แอพ', 'ทำ', '  ']","['#เป๋าตัง', '#เราชนะ', '#ม33เรารักกัน']"
2021-02-07,"['อ่าว', ' ', 'คน', '  ', 'แอพ', '  ', '  ']","['#เราชนะ', '#เป๋าตัง', '#ม33เรารักกัน']"
2021-02-07,"['️', 'ขาย', 'โปรแกรม', 'ฟอ', 'ล', 'ไลค์', 'เม้น', 'วิว', 'ไอ', 'จี', 'ไม่ต้อง', 'โหลด', 'ใด', 'ทำ', 'กก', '80', ' ', 'บาท', 'ทำ', 'มือถือ', 'วิธี', 'สอน', 'รีวิว', 'เพียบ', '            ']","['#ปั๊มฟอล', '#ระบบปั๊มฟอล', '#ระบบปั้มฟอล', '#ปั๊มไลค์', '#ไว้รีวิวห้ามขายของโว้ยยย', '#ของดีบอกต่อ', '#เสื้อผ้ามือสอง', '#ส่งต่อ', '#เป๋าตัง', '#ออมเงินกินดอก', '#ปั่นบาคาร่า']"
2021-02-07,"['นนนน', '  ', 'รู้', 'วว', ' ', 'แอพ', 'เป๋า', 'ตัง', 'รายการ', 'ประวัติ', ' ', '3', ' ', 'เดือน', 'อ่ะ', ' ', '55555', ' ', ' ', ' ', 'พฤศจิกา', ' ', 'เฟส', 'อ่ะ', ' ', '55555', ' ', 'โทด', 'ดดด', '  ']","['#เราชนะ', '#คนละครึ่ง', '#เป๋าตัง']"
2021-02-07,"['จอง', ' ', 'White', ' ', 'castle', ' ', 'cookies', ' ', 'traditional', ' ', 'recipe', ' ', '114', 'กรัม', ' ', 'ขนม', 'คุ้กรส', 'ดั้งเดิม', ' ', 'ของแท้', 'มาเลย์', ' ', 'ฮาลาล', '  ', 'ราคา', ' ', '40', '฿', 'ค่า', '30', '฿', 'จ่าย', 'เงิน', 'ตอน', ' ', 'นัด', 'ตลาด', 'รังสิต', 'อร่อย', 'กก', 'กก', 'กิน', 'เพลิน', '    ']","['#แบนiQIYI', '#สวยพุ่งไปเลยแม่', '#เป๋าตัง']"
2021-02-07,"['เปิดเทอม', ' ', 'เรียนรู้', 'ปกป้อง', 'ปลอดภัย', 'ศูนย์รวม', 'หน้ากาก', 'อนามัย', 'ทางการแพทย์', ' ', 'รง', 'ไทย', ' ', 'กล่อง', ' ', '7995', 'บาท', ' ', 'Mind', ' ', 'maskSURELUCKY', ' ', 'เด็ก', 'ผู้ใหญ่', 'Let', ' ', ' ', 'care', ' ', 'Ketkham', '                 ']","['#โควิด19', '#หน้ากากอนามัย', '#สมุทรสาคร', '#ขาย', '#ข่าว', '#เป๋าตัง']"
2021-02-07,['     '],"['#เรารักประเทศไทย', '#เราชนะ', '#เป๋าตัง']"
2021-02-07,"['แลก', 'เงินสด', ' ', 'หัก', '70', 'บาท', 'สัปดาห์', 'ค่า', '    ']","['#เราชนะ', '#เป๋าตัง', '#ถุงเงิน']"
2021-02-07,"['แลก', 'เงินสด', ' ', 'หัก', '70', 'บาท', 'สัปดาห์', 'ค่า', '    ']","['#เราชนะ', '#เป๋าตัง', '#ถุงเงิน']"
2021-02-07,"['เงื่อนไข', 'สิทธิ', 'รับเงิน', 'เยียวยา', 'ประกันสังคม', '\xa0', '4000', ' ', 'บาท', '  ', 'ดังนี้', '•', 'คนไทย', '•', 'ผู้ประกันตน', 'มาตรา', ' ', '33', '•', 'บัตร', 'สวัสดิการ', 'รัฐ', '\xa0', 'บัตร', 'คนจน', '•', 'เงินฝาก', 'สถาบันการเงิน', ' ', '500000', ' ', 'บาท', '•', 'เงินโอน', 'แอปพลิเคชั่น', '  ']","['#ม33เรารักกัน', '#เป๋าตัง']"
2021-02-07,"['ตาย', 'ฝุ่น', 'โควิด', '19', ' ', 'ตาย', 'กิน', ' ', '       ']","['#COVID19', '#COVIDー19', '#เราชนะ', '#เรารักกัน', '#เป๋าตัง']"
2021-02-07,"['เปิดเทอม', ' ', 'เรียนรู้', 'ปกป้อง', 'ปลอดภัย', 'ศูนย์รวม', 'หน้ากาก', 'อนามัย', 'ทางการแพทย์', ' ', 'รง', 'ไทย', ' ', 'กล่อง', ' ', '7995', 'บาท', ' ', 'Mind', ' ', 'maskSURELUCKY', ' ', 'เด็ก', 'ผู้ใหญ่', 'Let', ' ', ' ', 'care', ' ', 'Ketkham', '                 ']","['#โควิด19', '#หน้ากากอนามัย', '#สมุทรสาคร', '#ขาย', '#ข่าว', '#เป๋าตัง']"
2021-02-07,"['️️ฟิน', 'ขวด', 'ใส่', ' ', 'sv', '16864', ' ', 'ลด', 'ฟรี', '                 ']","['#น้ําหอม', '#เป๋าตัง', '#ของดีบอกต่อ', '#ลิซ่า', '#พร้อมส่ง', '#สกินแคร์เกาหลี', '#อองซานซูจี', '#ส่งต่อเสื้อผ้ามือ2', '#ส่งต่อสกินเเคร์', '#เสื้อผ้าสไตล์เกาหลี', '#วันแห่งความรัก', '#ดีเจมะตูม', '#TV', '#VoteBLACKPINK', '#ไอโฟน12', '#มดดำ', '#ดาราช่องวัน']"
2021-02-08,"['ถาม', ' ', 'คนละ', 'ครึ่ง', 'เที่ยว', 'คนละ', 'เบอร์', 'แอพ', 'อ่ะ', '  ']","['#คนละครึ่ง', '#เป๋าตัง']"
2021-02-08,"['เปิดเทอม', ' ', 'เรียนรู้', 'ปกป้อง', 'ปลอดภัย', 'ศูนย์รวม', 'หน้ากาก', 'อนามัย', 'ทางการแพทย์', ' ', 'รง', 'ไทย', ' ', 'กล่อง', ' ', '7995', 'บาท', ' ', 'Mind', ' ', 'maskSURELUCKY', ' ', 'เด็ก', 'ผู้ใหญ่', 'Let', ' ', ' ', 'care', ' ', 'Ketkham', '                  ']","['#โควิด19', '#หน้ากากอนามัย', '#สมุทรสาคร', '#ขาย', '#ข่าว', '#เป๋าตัง', '#อัมพวา']"
2021-02-08,"['ทำความเข้าใจ', 'กด', ' ', 'ยกเลิก', 'สิทธิ', '  ', 'แอพพลิเคชั่น', '  ', 'สำหรับ', 'พนักงานรัฐวิสาหกิจ', 'ข้าราชการ', ' ', 'วันที่', ' ', '18', ' ', 'กพ', ' ', ' ', 'กด', ' ', 'ผิดวินัย', '  ']","['#เราชนะ', '#เป๋าตัง', '#กรุงเทพธุรกิจ', '#กรุงเทพธุรกิจออนไลน์']"
2021-02-08,"['เครื่อง', ' ', 'ลงทะเบียน', ' ', 'หา', 'แป๊ะ', ' ', 'ยุ่งยาก', '  ']",['#เป๋าตัง']
2021-02-08,"['ท่า', 'สิทธิ์', '\u200b', 'ชนะ', 'ทำ', 'แอ', 'ป', 'เป๋า', 'ตัง', 'เป็นไง', '\u200b', ' ']","['#เราชนะ', '#เป๋าตัง']"
2021-02-08,"['เป่ายิ้งฉุบ', ' ', 'ชนะ', ' ', 'ไจ', 'แอ้', 'น', ' ', 'ชนะ', ' ', 'ได้เงิน', 'รัฐบาล', 'ลลล', '               ']","['#แคปชั่นเสี่ยว', '#แคปชั่นโสด', '#แคปชั่น2021', '#แคปชั่นโดนๆ', '#แคปชั่นตลก', '#แคปชั่นคนโสด', '#แคปชั่นกวนตีน', '#แคปชั่นอ่อย', '#แคปชั่นน่ารัก', '#ประโยคนึงสะดุ้งทั้งไทม์ไลน์', '#แคปชั่นเด็ด', '#เราชนะ', '#คนละครึ่ง', '#เป๋าตัง', '#รัฐบาล', '#แคปชั่นตรุษจีน']"
2021-02-08,"['7', ' ', 'ขั้นตอน', ' ', 'วิธี', 'กด', 'สิทธิ์', 'ชนะ', 'แอ', 'ป', 'เป๋า', 'ตัง', ' ', 'เงิน', ' ', '7000', ' ', 'บาท', '       ']","['#เราชนะ', '#เป๋าตัง', '#ไทยชนะ', '#คนละครึ่ง', '#หมอชนะ', '#เรารักกัน', '#ม33เรารักกัน']"
2021-02-08,"['7', ' ', 'ขั้นตอน', ' ', 'วิธี', 'กด', 'สิทธิ์', 'ชนะ', 'แอ', 'ป', 'เป๋า', 'ตัง', ' ', 'เงิน', ' ', '7000', ' ', 'บาท', '        ']","['#เราชนะ', '#เป๋าตัง', '#ไทยชนะ', '#คนละครึ่ง', '#หมอชนะ', '#เรารักกัน', '#ม33เรารักกัน', '#เงินเยียวยาโควิด19', '#Bitcoin']"
2021-02-08,"['7', ' ', 'ขั้นตอน', ' ', 'วิธี', 'กด', 'สิทธิ์', 'ชนะ', 'แอ', 'ป', 'เป๋า', 'ตัง', ' ', 'เงิน', ' ', '7000', ' ', 'บาท', '      ']","['#เราชนะ', '#เป๋าตัง', '#ไทยชนะ', '#คนละครึ่ง', '#หมอชนะ', '#เรารักกัน', '#ม33เรารักกัน', '#Bitcoin']"
2021-02-08,"['7', ' ', 'ขั้นตอน', ' ', 'วิธี', 'กด', 'สิทธิ์', 'ชนะ', 'แอ', 'ป', 'เป๋า', 'ตัง', ' ', 'เงิน', ' ', '7000', ' ', 'บาท', '      ']","['#เราชนะ', '#เป๋าตัง', '#ไทยชนะ', '#คนละครึ่ง', '#หมอชนะ', '#เรารักกัน', '#ม33เรารักกัน']"
2021-02-08,"['7', ' ', 'ขั้นตอน', ' ', 'วิธี', 'กด', 'สิทธิ์', 'ชนะ', 'แอ', 'ป', 'เป๋า', 'ตัง', ' ', 'เงิน', ' ', '7000', ' ', 'บาท', '       ']","['#เราชนะ', '#เป๋าตัง', '#ไทยชนะ', '#คนละครึ่ง', '#หมอชนะ', '#เรารักกัน', '#ม33เรารักกัน']"
2021-02-08,"['7', ' ', 'ขั้นตอน', ' ', 'วิธี', 'กด', 'สิทธิ์', 'ชนะ', 'แอ', 'ป', 'เป๋า', 'ตัง', ' ', 'เงิน', ' ', '7000', ' ', 'บาท', '      ']","['#เราชนะ', '#เป๋าตัง', '#ไทยชนะ', '#คนละครึ่ง', '#หมอชนะ', '#เรารักกัน', '#ม33เรารักกัน']"
2021-02-08,"['ตรวจสอบ', 'สิทธิ์', 'แบบนี้', 'หรอ', ' ', 'ลงทะเบียน', 'แบบนี้', '    ']","['#เราชนะ', '#ไทยชนะ', '#เป๋าตัง']"
2021-02-08,"['ชนะ', ' ', 'มาตรา', ' ', 'ม', '33', ' ', 'ปชช', 'เงินฝาก', ' ', 'gt', ' ', '5', ' ', 'แสน', ' ', 'เงินฝาก', 'ปี', ' ', 'เงิน', 'สะสม', ' ', 'ปี', ' ', 'ได้เงิน', ' ', 'ทำงานหนัก', ' ', 'ทำงาน', 'จ่าย', 'ภาษี', ' ', 'โครงการ', '      ', 'มะ', ' ']","['#เราชนะ', '#ม33', '#เป๋าตัง', '#เรารักกัน', '#ม33เรารักกัน']"
2021-02-08,"[' ', ' ', 'เงินสด', ' ', 'ยุ่งยาก', ' ', 'วุ่นวาย', ' ', ' ', '   ']","['#เราชนะ', '#เป๋าตัง']"
2021-02-08,"['เช็ก', 'สิทธิ์', ' ', '“', 'ชนะ', '”', 'โอน', ' ', '2000', ' ', 'บาท', ' ', 'แอ', 'ป', ' ', 'เป๋า', 'ตัง', ' ', '18', ' ', 'กพ', ' ', 'แนะ', ' ', 'เกณฑ์', ' ', 'รีบ', 'กดปุ่ม', 'ทบทวน', 'สิทธิ์', '        ']","['#PPTVHD36', '#PPTVNews', '#ช่อง36', '#เราชนะ', '#ลงทะเบียนเราชนะ', '#วิธีลงทะเบียนเราชนะ', '#เป๋าตัง', '#แอปเป๋าตัง']"
2021-02-08,"['กำหนดการ', 'สิทธิ', 'เยียวยา', 'ผู้ประกันตน', 'มาตรา', ' ', '33', ' ', 'แรงงาน', 'เคาะ', 'ลงทะเบียน', ' ', '4000', ' ', 'สิทธิ', ' ', '2', ' ', 'รูปแบบ', '             ']","['#ผู้ประกันตนมาตรา33', '#มาตรา33', '#ผู้ประกันตนม33', '#ประกันสังคมม33', '#เราชนะ', '#เป๋าตัง', '#แอปเป๋าตัง', '#เยียวยาม33', '#เยียวยามาตรา33', '#เยียวยา4000', '#ม33เรารักกัน', '#เรารักกัน']"
2021-02-08,"['พื้นที่', '\u200b', 'กาน', '\u200b', 'ลุง', 'นะคะ', '\u200b', 'นึง', 'ลุง', 'ไลฟ์', 'รอบ', '\u200b', ' ', 'ไลฟ์', 'ชม', 'แถม', '\u200b', 'ออร์เดอร์', '\u200b', 'ฝาก', 'อุดหนุน', '\u200b', 'เฟส', 'รูป', '     ']","['#กราดยิงโคราช', '#เราชนะ', '#เป๋าตัง']"
2021-02-08,"['เป๋า', 'ตังค์', 'ลงทะเบียน', 'แบบนี้', 'ไม่ต้อง', 'ตกใจ', ' ', 'นอ', 'แอพ', 'เป๋า', 'ตังค์', 'อัพเดท', 'แล้', 'วจะ', 'ช่อง', ' ', 'เว็บไซต์', 'ชนะ', '   ']","['#เราชนะ', '#เป๋าตัง']"
2021-02-08,"['ชนะ', ' ', 'มาตรา', ' ', 'ม', '33', ' ', 'ปชช', 'เงินฝาก', ' ', 'gt', ' ', '5', ' ', 'แสน', ' ', 'เงินฝาก', 'ปี', ' ', 'เงิน', 'สะสม', ' ', 'ปี', ' ', 'ได้เงิน', 'ทำงานหนัก', '        ']","['#ทบทวนใหม่', '#เราชนะ', '#คิดๆๆ', '#ม33', '#เป๋าตัง', '#เงินเก็บที่สะสมมาจากการทำงานหลายปี', '#เรารักกัน', '#ม33เรารักกัน']"
2021-02-08,"['เจ้าหน้า', 'ที่แจ้ง', ' ', 'รอ', 'อัพเดท', 'แอ', 'ป', 'เป๋า', 'ตัง', 'เวอร์ชั่น', ' ', 'สัปดาห์', 'หน้า', ' ', 'ตัวตน', 'g', ' ', 'wallet', ' ', 'อีกที', '  ']","['#เป๋าตัง', '#เราชนะ']"
2021-02-08,"['มัดจำ', '2030', 'ราคา', 'สินค้า', ' ', 'สั่ง', 'นอ', 'ด', 'เหนือ', 'โอน', 'เงิน', 'คืนให้', 'ค่า', 'า', ' ', 'ฟรี', 'รายการ', '              ']","['#HowtoPerfect', '#ของดีบอกต่อ', '#สกินแคร์เกาหลี', '#ของมันต้องมี', '#แจกฟรี', '#แจกฟรีไม่รีได้ไง', '#พร้อมส่ง', '#ชี้เป้าโปรถูก', '#คสอเกาหลี', '#คนละครึ่ง', '#เป๋าตัง', '#ตลาดนัดอซท', '#พรีออร์เดอร์เกาหลี']"
2021-02-08,"['เปิดเทอม', ' ', 'เรียนรู้', 'ปกป้อง', 'ปลอดภัย', 'ศูนย์รวม', 'หน้ากาก', 'อนามัย', 'ทางการแพทย์', ' ', 'รง', 'ไทย', ' ', 'กล่อง', ' ', '7995', 'บาท', ' ', 'Mind', ' ', 'maskSURELUCKY', ' ', 'เด็ก', 'ผู้ใหญ่', 'Let', ' ', ' ', 'care', ' ', 'Ketkham', '                  ']","['#โควิด19', '#หน้ากากอนามัย', '#ขาย', '#ข่าว', '#เป๋าตัง', '#อัมพวา', '#ดีเจมะตูม']"
2021-02-08,"['ตัวตน', 'แอ', 'ปฯ', ' ', 'เป๋า', 'ตัง', ' ', ' ', 'รอ', 'อัปเดต', 'อีกครั้ง', 'สัปดาห์', '  ']","['#เราชนะ', '#เป๋าตัง', '#kapook']"
2021-02-08,"['อันนี้', 'อ่ะ', ' ', '  ']",['#เป๋าตัง']
2021-02-08,"['รู้', 'ทราบ', 'ไหม', 'ควน', 'ทำ', 'แบบนี้', 'ทุ', 'กรอบ', 'ทั้งวัน', '   ']","['#เราชนะ', '#เป๋าตัง']"
2021-02-08,"[' ', 'ล่ม', ' ', 'พรุ่งนี้', 'ล่ม', 'ธ', 'กรุงไทย', 'ถึงกับ', 'แจ้ง', 'ปรับปรุง', 'ระบบ', ' ', '7000', ' ', 'มีค่า', 'วัคซีน', 'เงิน', 'วัคซีน', 'ล่ะ', '  ']","['#เราชนะ', '#โควิด19', '#เป๋าตัง']"
2021-02-08,"['️', 'คนละ', 'ครึ่ง', 'พื้นที่', ' ', 'มข', ' ', 'มมส', ' ', 'มหาสารคาม', ' ', 'หัก', '20', 'บาท', '️', 'ชนะ', ' ', 'บัตร', 'สวัสดิการ', 'เป๋า', 'ตัง', ' ', 'หัก', '10', ' ', 'โอน', 'เงิน', 'เข้าบัญชี', ' ', 'เช็ค', 'เครดิต', '           ']","['#คนละครึ่ง', '#แลกคนละครึ่ง', '#มข', '#มมส', '#มหาสารคาม', '#เราชนะ', '#เป๋าตัง', '#บัตรสวัสดิการแห่งรัฐ', '#บัตรคนจน']"
2021-02-08,"['แอพ', '  ', 'แบนเนอร์', 'ป้าย', 'โครงการ', ' ', 'ความพยายาม', 'หา', 'วิธี', 'สุดท้าย', 'รอ', '18', 'กพ', '64', ' ', 'แล้วจึง', 'กด', 'สิทธิ์', 'ตัง', 'อย่า', 'ลืม', 'ซื้อ', 'ปลา', 'ทะเล', 'ทำกับข้าว', 'แดก', ' ']","['#เป๋าตัง', '#เราชนะ']"
2021-02-08,"['วิธีใช้', 'สิทธิ', ' ', 'ชนะ', ' ', 'เยียวยา', ' ', '7000', ' ', 'บาท', ' ', 'แอ', 'ป', 'เป๋า', 'ตัง', '          ']","['#PPTVHD36', '#PPTVNews', '#ช่อง36', '#เราชนะ', '#ลงทะเบียนเราชนะ', '#วิธีลงทะเบียนเราชนะ', '#เป๋าตัง', '#ธนาคารกรุงไทย', '#แอปเป๋าตัง', '#วิธีใช้แอปเป๋าตัง']"
2021-02-08,"['คน', 'สิทธิ', ' ', 'ชนะ', ' ', 'จ่าย', 'ค่าตั๋ว', 'รถเมล์', ' ', 'ทำตาม', 'ตอนนี้', '  ']","['#เราชนะ', '#เป๋าตัง', '#kapook']"
2021-02-08,"['เปิดเทอม', ' ', 'เรียนรู้', 'ปกป้อง', 'ปลอดภัย', 'ศูนย์รวม', 'หน้ากาก', 'อนามัย', 'ทางการแพทย์', ' ', 'รง', 'ไทย', ' ', 'กล่อง', ' ', '7995', 'บาท', ' ', 'Mind', ' ', 'maskSURELUCKY', ' ', 'เด็ก', 'ผู้ใหญ่', 'Let', ' ', ' ', 'care', ' ', 'Ketkham', '                 ']","['#โควิด19', '#หน้ากากอนามัย', '#ขาย', '#ข่าว', '#เป๋าตัง', '#เราชนะ']"
2021-02-08,"['กล่อง', 'ครึ่ง', 'กิโล', 'นะคะ', 'ราคา', '   ']","['#เราชนะ', '#เป๋าตัง']"
2021-02-08,"['รอ', 'กด', 'ป้าย', 'แบนเนอร์', 'โผล่', 'กด', 'สิทธิ์', '18', 'กพ', 'โน่น', 'ไม่ต้อง', 'กลัว', 'กด', 'ยกเว้น', 'แอพ', 'ปรับปรุง', 'ระบบ', 'ชั่วคราว', ' ']",['#เป๋าตัง']
2021-02-08,"['UPDATE', ' ', '8', ' ', 'กพ', '64', ' ', 'เช็ค', 'สิทธิ์', 'ด่วน', '   ', 'สำหรับ', 'ลงทะเบียน', ' ', 'คนละ', 'ครึ่ง', 'เที่ยว', ' ', 'เช็ค', 'สิทธิ์', ' ', 'ยื่น', 'ทบทวน', 'สิทธิ์', ' ', 'เว็บ', 'ชนะ', 'com', '   ']","['#เราชนะ', '#คนละครึ่ง', '#เป๋าตัง', '#เราเที่ยวด้วยกัน']"
2021-02-08,"['ลงทะเบียน', 'ชิม', 'ช้อป', 'ลบ', 'แอ', 'ปอ', 'อก', 'ลงทะเบียน', 'ชนะ', 'สิทธิ์', 'แล้', 'วจะ', 'เป๋า', 'ตัง', 'เบอร์', 'ผูก', 'เบอร์', 'เก่า', 'ระงับ', 'การใช้งาน', ' ', 'เบอร์', 'ลงทะเบียน', 'เบอร์', 'ทำ', '  ']",['#เป๋าตัง']
2021-02-08,"['คอมพลีท', ' ', 'ลงทะเบียน', 'ญาติ', 'สิทธิ์', '  ', 'ซัก', ' ', 'เดี๋ยว', 'ตัวตน', ' ', 'แอ', 'ปอ', 'ย่า', 'ลำไย', ' ']","['#เราชนะ', '#เป๋าตัง']"
2021-02-08,"['น', 'แนะนำ', 'เกม', 'ไพ่', 'เล่น', 'ตอนนี้', 'นะจ๊ะ', ' ', 'เล่น', ' ', 'เหมือน', ' ', 'ดู', 'กด', 'ลิ้งค์', 'โผ', 'ม', '      ']","['#เราชนะ', '#สล็อตออนไลน์คลิกตอนนี้', '#เรียลนักศึกษา', '#เป๋าตัง', '#สาวใหญ่รับงาน', '#สวิงกิ้ง', '#สาวสอง']"
2021-02-08,"['วิธี', 'เช็ค', 'สิทธ์', 'โครงการ', 'ชนะ', ' ', 'ทวีต', 'นะคะ', ' ', 'Crchiangmainews', '  ']","['#เราชนะ', '#เป๋าตัง']"
2021-02-08,"['โหลด', 'เป๋า', 'ตัง', 'รอ', ' ', 'ขั้นตอน', ' ', 'รอ', 'รับเงิน', ' ', '“', 'ชนะ', 'ม', '33', ' ', 'รัก', '”', '  ', '#ม', '33']",['#เป๋าตัง']
2021-02-08,"['เปิดเทอม', ' ', 'เรียนรู้', 'ปกป้อง', 'ปลอดภัย', 'ศูนย์รวม', 'หน้ากาก', 'อนามัย', 'ทางการแพทย์', ' ', 'รง', 'ไทย', ' ', 'กล่อง', ' ', '7995', 'บาท', ' ', 'Mind', ' ', 'maskSURELUCKY', ' ', 'เด็ก', 'ผู้ใหญ่', 'Let', ' ', ' ', 'care', ' ', 'Ketkham', '                  ']","['#โควิด19', '#หน้ากากอนามัย', '#สมุทรสาคร', '#ขาย', '#ข่าว', '#เป๋าตัง', '#เราชนะ']"
2021-02-08,"['โหลด', 'เป๋า', 'ตัง', 'รอ', ' ', 'ขั้นตอน', ' ', 'รอ', 'รับเงิน', ' ', '“', 'ชนะ', 'ม', '33', ' ', 'รัก', '”', ' ', '|', ' ', 'สยามรัฐ', '   ', '    ']","['#สยามรัฐ', '#เราชนะ', '#ม33เรารักกัน', '#เป๋าตัง']"
2021-02-08,"['ขำ', 'ออกมา', 'สัก', 'ล้าน', 'รอบ', ' ', 'สังคม', 'ไร้', 'เงินสด', ' ', 'จุด', 'พัฒนา', 'ระบบ', ' ', 'แอ', 'ป', 'ส', 'เถียร', 'ให้ได้', ' ', 'ว่าน', 'ซืน', '  ', 'ล่ม', ' ', '  ', 'ล่ม', ' ', 'กุ', 'ญาติ', 'แม่ค้า', ' ', 'เงิน', 'ลาก', 'ทะเลาะ', ' ', 'โกง', 'ใส่', ' ']","['#เป๋าตัง', '#ถุงเงิน', '#เราชนะ']"
2021-02-08,"['ชนะ', 'อ่ะ', ' ', 'ทำ', '   ']","['#เราชนะ', '#เป๋าตัง']"
2021-02-08,"['ขั้นตอน', 'ตัวตน', ' ', ' ', '3', ' ', 'สิทธิ', '  ', 'อย่า', 'ลืม', 'โหลด', 'แอ', 'ปฯ', '  ', 'เตรียม', 'ใช้จ่าย', '    ', '️', '   ']","['#เราชนะ', '#เป๋าตัง', '#Ch7HDNews', '#ข่าว7HD', '#SocialNews']"
2021-02-08,"['แบบนี้', 'รอ', 'วันที่', '18', 'กพ', ' ', ' ']","['#เราชนะ', '#เป๋าตัง']"
2021-02-08,"['โหลด', 'เป๋า', 'ตัง', 'รอ', ' ', 'ขั้นตอน', ' ', 'รอ', 'รับเงิน', ' ', '“', 'ชนะ', 'ม', '33', ' ', 'รัก', '”', '   ']","['#เรารักกัน', '#เป๋าตัง', '#เราชนะ', '#ม33']"
2021-02-08,"['ชนะ', ' ', 'สิทธิ์', ' ', 'ทำ', 'ต่อมา', 'ดู', 'วิธี', '  ']","['#เราชนะ', '#เป๋าตัง']"
2021-02-08,"[' ', 'กด', 'เข้าไป', 'ป้าย', 'ชนะ', 'กด', 'ล่ะ', ' ', 'เเค่', 'คนละ', 'ครึ่ง', 'เที่ยว', ' ', ' ', 'เ', 'เอ', 'พ', 'กาก', 'เเล้ววว', '  ']","['#เป๋าตัง', '#เราชนะ']"
2021-02-08,"['ทีแรก', 'คน', 'ไม่ต้อง', 'งง', ' ', 'เข้าหน้า', 'เว็บ', 'เช็ค', 'สิทธิ์', ' ', 'แล้วก็', 'สมัคร', 'แอพ', ' ', 'ลงทะเบียน', 'บัญชี', 'เรียบร้อย', 'รอ', 'กด', 'ป้าย', 'แบรน์', 'เนอ', 'ร์', 'ตอน', 'โผล่', 'วันที่', '18', 'กพ', '64', ' ', 'จบ', ' ', 'หลอน', ' ']","['#เป๋าตัง', '#เราชนะ']"
2021-02-08,"['โครงการ', ' ', 'ชนะ', ' ', 'สิทธิ์', ' ', 'ทำ', ' ', 'ดู', 'วิธี', '  ']","['#เราชนะ', '#เป๋าตัง', '#เงินเยียวยา']"
2021-02-08,"['พ่อ', 'สิทธิ์', '  ', 'พ่อ', 'แอ', 'ป', '  ', 'อะ', ' ', 'อี', 'เวน', ' ', 'พ่อ', 'เล่น', 'ไลน์', 'ดีแล้ว', 'ลูก', ' ', 'ดี', 'แย่', 'วะ', ' ', 'ฉลาด', 'รัฐบาล', ' ', 'คนแก่', 'ลงทะเบียน', 'ไม่ต้อง', 'เสียเงิน', ' ', 'ควย', ' ', 'คนแก่', 'สิทธิ์', 'ดิ', 'สัส', '  ']","['#เราชนะ', '#เป๋าตัง', '#รัดบานหัวควย']"
2021-02-08,"['สมาร์ท', 'โฟน', 'พ่อ', 'รุ่น', 'กล้อง', 'ชัด', 'สแกน', 'บัตร', 'ปชช', ' ', 'สมาร์ท', 'โฟน', 'ผูก', 'g', ' ', 'wallet', ' ', 'บัตร', 'ปชช', 'พ่อ', ' ', 'สิทธิ', 'พ่อ', 'สิทธิ', '  ', 'รู้', 'ตอบ', 'นะคะ', '    ']","['#เราชนะ', '#เป๋าตัง']"
2021-02-08,"['สำหรับ', 'เค้า', 'แอพ', 'เจอ', 'ป้าย', 'แบ', 'รน', 'เนอ', 'ร์', 'ไม่ต้อง', 'ตกใจ', 'รอ', 'อีกที', 'วันที่', '18', 'กพ', '64', ' ', 'สมัคร', 'แอพ', 'สร้าง', 'โปรไฟล์', 'แอพ', 'สำเร็จ', 'แบ', 'รน', 'เนอ', 'ร์', 'ชนะ', 'โผล่', 'กด', '  ']","['#เป๋าตัง', '#เราชนะ']"
2021-02-08,"['วิธีการ', 'ตัวตน', 'แอ', 'ป', ' ', 'เป๋า', 'ตัง', 'วิธีการ', 'สิทธิ', 'ชนะ', ' ', 'สำหรับ', 'สิทธิ', '    ']","['#เป๋าตัง', '#เราชนะ']"
2021-02-08,"['วิธี', 'ใช้งาน', 'แอ', 'ป', 'เป๋า', 'ตัง', 'สำหรับ', 'คน', 'ใช้งาน', 'แอ', 'ป', 'นะคะ', ' ', 'ลอง', 'ทำตาม', 'ตอนนี้', '   ']","['#เป๋าตัง', '#เราชนะ']"
2021-02-08,"['ชนะ', ' ', 'มาตรา', ' ', 'ม', '33', ' ', 'ปชช', 'เงินฝาก', ' ', 'gt', ' ', '5', ' ', 'แสน', ' ', 'เงินฝาก', 'ปี', ' ', 'เงิน', 'สะสม', ' ', 'ได้เงิน', 'ทำงานหนัก', '      ']","['#ทบทวนใหม่', '#เราชนะ', '#คิดๆๆ', '#ม33', '#เป๋าตัง', '#เงินเก็บที่สะสมมาจากการทำงานหลายปี']"
2021-02-08,"['️', ' ', 'เช็ก', 'ด่วน', ' ', 'โครงการ', 'ชนะ', 'สิทธิ', 'ที่ไหนบ้าง', ' ', '\u200b', 'รีบ', 'ใช้ได้', '  ', '31', ' ', 'พค', ' ', '64', '\u200b', '  ', '\u200b', '   ']","['#กรุงไทย', '#Krungthai', '#เราชนะ', '#เป๋าตัง', '#เรารักกัน', '#ประกันสังคม']"
2021-02-08,"[' ', '–', '  ', 'ม', '33', ' ', 'รัก', ' ', 'อย่า', 'ลืม', 'โหลด', 'แอ', 'ปฯ', '  ', 'รับเงิน', 'เยียวยา', ' ']","['#เราชนะ', '#ประกันสังคม', '#เป๋าตัง', '#ฐานเศรษฐกิจ']"
2021-02-08,"['เปิดเทอม', ' ', 'เรียนรู้', 'ปกป้อง', 'ปลอดภัย', 'ศูนย์รวม', 'หน้ากาก', 'อนามัย', 'ทางการแพทย์', ' ', 'รง', 'ไทย', ' ', 'กล่อง', ' ', '7995', 'บาท', ' ', 'Mind', ' ', 'maskSURELUCKY', ' ', 'เด็ก', 'ผู้ใหญ่', 'Let', ' ', ' ', 'care', ' ', 'Ketkham', '                 ']","['#โควิด19', '#หน้ากากอนามัย', '#สมุทรสาคร', '#ขาย', '#ข่าว', '#เป๋าตัง']"
2021-02-08,"['แบบนี้', 'หมายความว่า', 'หรอ', '    ']","['#เราชนะ', '#เป๋าตัง']"
2021-02-08,"['ทำตาม', '   ']","['#เป๋าตัง', '#เราชนะ']"
2021-02-08,"['แลก', 'เงินสด', ' ', 'หัก', '70', 'บาท', 'สัปดาห์', 'ค่า', '   ']","['#เราชนะ', '#เป๋าตัง', '#ถุงเงิน']"
2021-02-09,"[' ', 'เผย', '  ', 'ประชาชน', 'สิทธิ', 'โครงการ', ' ', '“', 'ชนะ', '”', ' ', 'ใช้จ่าย', 'แอปพลิเคชัน', ' ', '“”', ' ', 'ชำระ', 'ค่าโดยสาร', ' ', 'รถแท็กซี่', ' ', 'รถจักรยานยนต์', 'รับจ้าง', ' ', 'รถ', 'ตุ๊กตุ๊ก', ' ', 'รถสองแถว', ' ', 'รถโดยสารประจำทาง', ' ', 'เข้าร่วม', 'โครงการ', ' ', '“”', ' ', '  ']","['#กรมการขนส่งทางบก', '#เป๋าตัง', '#เราชนะ', '#พรรคภูมิใจไทย', '#คมนาคม']"
2021-02-09,"['เปิดเทอม', ' ', 'เรียนรู้', 'ปกป้อง', 'ปลอดภัย', 'ศูนย์รวม', 'หน้ากาก', 'อนามัย', 'ทางการแพทย์', ' ', 'รง', 'ไทย', ' ', 'กล่อง', ' ', '7995', 'บาท', ' ', 'Mind', ' ', 'maskSURELUCKY', ' ', 'เด็ก', 'ผู้ใหญ่', 'Let', ' ', ' ', 'care', ' ', 'Ketkham', '                ']","['#โควิด19', '#หน้ากากอนามัย', '#ขาย', '#ข่าว', '#เป๋าตัง']"
2021-02-09,"['แม่', 'แบบนี้', 'อ่ะ', ' ', 'ลงทะเบียน', ' ', 'Gwallet', ' ', 'แม่', 'สิทธิ', 'ชนะ', ' ', 'แม่', 'คนละ', 'ครึ่ง', ' ', 'อธิบาย', '    ']","['#เป๋าตัง', '#เราชนะ', '#คนละครึ่ง']"
2021-02-09,"['เผย', 'ขั้นตอน', ' ', 'ชนะ', ' ', 'จ่าย', 'ค่า', 'รถเมล์', 'แท็กซี่', 'ตุ๊กตุ๊ก', 'นั่ง', 'วิน', 'สอง', 'แถว', '   ']","['#เราชนะ', '#ค่ารถ', '#รถเมล์', '#เป๋าตัง']"
2021-02-09,"['อี', 'แอพ', 'ปัญหา', ' ', 'ใช้งาน', 'วอ', 'เล็ท', ' ']",['#เป๋าตัง']
2021-02-09,"['ขนส่ง', ' ', 'ชวน', 'ปชช', 'จ่าย', 'ค่าโดยสาร', 'สาธารณะ', 'สิทธิ', ' ', 'ชนะ', ' ', 'แอพ', ' ', 'เป๋า', 'ตัง', '  ']","['#ขนส่งฯ', '#เราชนะ', '#เป๋าตัง']"
2021-02-09,"['เช็ก', 'ที่นี่', ' ', 'วงเงิน', 'สิทธิ', '  ', ' ', ' ', '1', ' ', 'บัตร', 'สวัสดิการ', 'รัฐ', ' ', 'วงเงิน', 'บัตร', ' ', 'ศุกร์', ' ', ' ', '5', ' ', 'กพ', ' ', '64', '  ', ' ', '23', ' ', 'สิทธิ', 'เที่ยว', ' ', 'คนละ', 'ครึ่ง', ' ', 'ประชาชน', 'ทั่วไป', ' ', 'วงเงิน', 'แอ', 'ป', '  ', 'พฤหัสบดี', ' ', ' ', '18', ' ', 'กพ', ' ', '64', ' ']","['#เราชนะ', '#เป๋าตัง', '#กรุงไทย']"
2021-02-09,"['เปิดเทอม', ' ', 'เรียนรู้', 'ปกป้อง', 'ปลอดภัย', 'ศูนย์รวม', 'หน้ากาก', 'อนามัย', 'ทางการแพทย์', ' ', 'รง', 'ไทย', ' ', 'กล่อง', ' ', '7995', 'บาท', ' ', 'Mind', ' ', 'maskSURELUCKY', ' ', 'เด็ก', 'ผู้ใหญ่', 'Let', ' ', ' ', 'care', ' ', 'Ketkham', '                ']","['#โควิด19', '#หน้ากากอนามัย', '#ขาย', '#ข่าว', '#เป๋าตัง']"
2021-02-09,"['การเปลี่ยนแปลง', 'ลงทะเบียน', 'รับเงิน', 'โครงการ', ' ', 'ม', '33', ' ', 'รัก', 'ลงทะเบียน', ' ', '21', 'กพ', '7', 'ค', '64', ' ', ' ', 'www', 'ม', '33', 'รัก', 'com', 'สิทธิ์', ' ', '15', '  ', '21', 'ค', '64', 'จ่าย', 'เงิน', 'แอ', 'ปฯ', ' ', 'เป๋า', 'ตัง', ' ', 'สัปดาห์', ' ', '1000', ' ', 'บาท', ' ', 'ใช้ได้', 'จันทร์', ' ', '22', 'ค', '64', '    ']","['#ม33เรารักกัน', '#เรารักกัน', '#เป๋าตัง']"
2021-02-09,"['Update', ' ', 'โครงการ', ' ', 'ม', '33', '  ', 'รับเงิน', 'เยียวยา', 'คนละ', ' ', '4000', ' ', 'บาท', ' ', 'วันที่', ' ', '21', ' ', 'กพ', '7', ' ', 'ค', '64', ' ', 'ลงทะเบียน', ' ', 'www', 'ม', '33', 'รัก', 'com', 'วันที่', ' ', '1521', ' ', 'ค', ' ', '64', ' ', 'ตัวตน', 'แอ', 'ปฯ', '  ', 'วันที่', ' ', '22', ' ', 'ค', '64', ' ', 'โอน', 'เงิน', 'ครั้งแรก', ' ', 'แบ่ง', 'สัปดาห์', ' ', '1000', ' ', 'บาท', ' ', 'ใช้จ่าย', ' ', '31', ' ', 'พค', '64', ' ']","['#เรารักกัน', '#เป๋าตัง']"
2021-02-09,"['Update', ' ', 'โครงการ', ' ', 'ม', '33', '  ', 'รับเงิน', 'เยียวยา', 'คนละ', ' ', '4000', ' ', 'บาท', ' ', 'วันที่', ' ', '21', ' ', 'กพ', '7', ' ', 'ค', '64', ' ', 'ลงทะเบียน', ' ', 'www', 'ม', '33', 'รัก', 'com', 'วันที่', ' ', '1521', ' ', 'ค', ' ', '64', ' ', 'ตัวตน', 'แอ', 'ปฯ', '  ', 'วันที่', ' ', '22', ' ', 'ค', '64', ' ', 'โอน', 'เงิน', 'ครั้งแรก', ' ', 'แบ่ง', 'สัปดาห์', ' ', '1000', ' ', 'บาท', ' ', 'ใช้จ่าย', ' ', '31', ' ', 'พค', '64', ' ']","['#เรารักกัน', '#เป๋าตัง']"
2021-02-09,"['Update', ' ', 'โครงการ', ' ', 'ม', '33', '  ', 'รับเงิน', 'เยียวยา', 'คนละ', ' ', '4000', ' ', 'บาท', ' ', 'วันที่', ' ', '21', ' ', 'กพ', '7', ' ', 'ค', '64', ' ', 'ลงทะเบียน', ' ', 'www', 'ม', '33', 'รัก', 'com', 'วันที่', ' ', '1521', ' ', 'ค', ' ', '64', ' ', 'ตัวตน', 'แอ', 'ปฯ', '  ', 'วันที่', ' ', '22', ' ', 'ค', '64', ' ', 'โอน', 'เงิน', 'ครั้งแรก', ' ', 'แบ่ง', 'สัปดาห์', ' ', '1000', ' ', 'บาท', ' ', 'ใช้จ่าย', ' ', '31', ' ', 'พค', '64', ' ']","['#เรารักกัน', '#เป๋าตัง']"
2021-02-09,"[' ', 'ม', '33', '  ', 'ไทม์', 'ไลน์', 'สำหรับ', 'ลงทะเบียน', 'เข้าร่วม', 'โครงการ', ' ', 'คัด', 'กรอง', 'คุณสมบัติ', ' ', '1524', ' ', 'ค', '64', ' ', 'ทบทวน', 'สิทธิ', '511', ' ', 'เม', 'ย', ' ', 'ตัวตน', 'แอ', 'ปฯ', '   ', 'รับเงิน', 'แอ', 'ปฯ', 'เป๋า', 'ตัง', ' ', 'วันที่', ' ', '5', ' ', ' ', '12', ' ', 'เม', 'ย', ' ', 'แบ่ง', 'จ่าย', ' ', '2000', 'บาท', ' ', ' ', '4000', ' ', 'บาท', ' ', 'ใช้ได้', ' ', '31', 'พค']","['#เรารักกัน', '#เป๋าตัง']"
2021-02-09,"['รอ', 'วันที่', ' ', '18', ' ', ' ', 'ทำตาม', 'คน', 'ลงทะเบียน', '   ']","['#เราชนะ', '#เป๋าตัง']"
2021-02-09,"['ข่าวดี', '  ', 'ลงทะเบียน', 'โครงการ', '  ', 'ธนาคาร', 'กรุงไทย', ' ', 'สาขา', '  ', ' ', '15', ' ', '25', ' ', 'กพ', ' ', ' ', 'รายละเอียด', 'วิธีการ', 'สิทธิ', ' ', 'กระทรวงการคลัง', 'จะแจ้ง', 'ข้อมูล', 'อีกครั้ง', '   ']","['#คนไม่มีสมาร์ทโฟน', '#เราชนะ', '#โควิด19', '#เป๋าตัง']"
2021-02-09,"['สิทธิ', '  ', 'ทำ', '1', ' ', 'แอพ', ' ', '2', ' ', 'กด', ' ', 'GWallet', ' ', 'ตัวตน', ' ', 'ทำการ', 'ตัวตน', '3', ' ', 'กด', 'ป้าย', 'โครงการ', ' ', 'ชนะ', ' ', 'ป้าย', 'วันที่', ' ', '18', ' ', 'กพ', '4', ' ', 'อ่าน', 'ข้อตกลง', 'เงื่อนไข', ' ', 'กด', 'คลิก', 'ช่อง', 'สี่', 'เห', 'ลี่', 'อม', 'หน้า', 'ข้อความ', ' ', 'เงื่อนไข', 'บริการ', ' ']","['#เราชนะ', '#เป๋าตัง']"
2021-02-09,"['เตือนภัย', '️', ' ', 'อีกแล้ว', ' ', 'โครงการ', 'รัฐบาล', 'กระแส', 'ตอนนี้', '  ', 'ออกมา', 'บอ', ' ', 'ของแท้', 'อะ', ' ', '1', '️⃣', ' ', 'เวบไซต์', '  ', 'นะคะ', '2', '️⃣', ' ', 'แอพพลิเคชั่น', '  ', 'ดูดี', ' ', 'เผลอไป', 'โหลด', 'ของปลอม', ' ', 'ดูด', 'ข้อมูล', 'แน่นอน', 'าาา', ' ']","['#กระทรวงการคลัง', '#เป๋าตัง', '#รักนะถึงเตือนกัน', '#PCTPolice']"
2021-02-09,"['อัพเดท', ' ', 'กำหนดการ', 'ลงทะเบียน', ' ', 'เงื่อนไข', 'โครงการ', ' ', 'ม', '33', '  ', 'รับเงิน', 'เยียวยา', 'คนละ', ' ', '4000', ' ', 'บาท', '  ', '21', ' ', 'กพ', '7', ' ', 'ค', '64', ' ', 'ลงทะเบียน', ' ', 'www', 'ม', '33', 'รัก', 'com', '1521', ' ', 'ค', ' ', '64', ' ', 'ตัวตน', 'แอ', 'ปฯ', '   ', '22', ' ', 'ค', '64', ' ', 'โอน', 'เงิน', 'ครั้งแรก', ' ', 'แบ่ง', 'สัปดาห์', ' ', '1000', ' ', 'บาท', ' ', 'ใช้จ่าย', ' ', '31', ' ', 'พค', '64', ' ']","['#เรารักกัน', '#เป๋าตัง']"
2021-02-09,"['www', ' ', 'ชนะ', ' ', 'com', ' ', 'คุณสมบัติ', ' ', 'เตรียม', 'รับเงิน', ' ', 'ไทม์', 'ไลน์', 'ละเอียด', ' ', 'เงิน', '  ']","['#เราชนะ', '#เป๋าตัง', '#ฐานเศรษฐกิจ']"
2021-02-09,"['“”', 'ขั้นตอน', 'ชำระ', 'ค่า', 'รถโดยสาร', 'สาธารณะ', 'ขนส่ง', 'บก', '“”']","['#เราชนะ', '#เป๋าตัง', '#ฐานเศรษฐกิจ']"
2021-02-09,"['เปิดเทอม', ' ', 'เรียนรู้', 'ปกป้อง', 'ปลอดภัย', 'ศูนย์รวม', 'หน้ากาก', 'อนามัย', 'ทางการแพทย์', ' ', 'รง', 'ไทย', ' ', 'กล่อง', ' ', '7995', 'บาท', ' ', 'Mind', ' ', 'maskSURELUCKY', ' ', 'เด็ก', 'ผู้ใหญ่', 'Let', ' ', ' ', 'care', ' ', 'Ketkham', '                  ']","['#โควิด19', '#หน้ากากอนามัย', '#สมุทรสาคร', '#ขาย', '#ข่าว', '#เป๋าตัง', '#อัมพวา']"
2021-02-09,"[' ', 'สมัคร', ' ', 'g', ' ', 'wallet', ' ', ' ', 'รอ', 'ระบบ', 'อัพเดท', 'สักวัน', 'สอง', 'มั้ง', ' ', 'สมัคร', ' ', 'g', ' ', 'wallet', ' ', ' ', 'วันที่', ' ', '18', ' ', 'กพ', ' ', 'เข้าไป', 'กด', 'สิทธิ์', '  ', ' ', 'g', ' ', 'wallet', ' ']","['#เป๋าตัง', '#เราชนะ']"
2021-02-09,"['เปิดเทอม', ' ', 'เรียนรู้', 'ปกป้อง', 'ปลอดภัย', 'ศูนย์รวม', 'หน้ากาก', 'อนามัย', 'ทางการแพทย์', ' ', 'รง', 'ไทย', ' ', 'กล่อง', ' ', '7995', 'บาท', ' ', 'Mind', ' ', 'maskSURELUCKY', ' ', 'เด็ก', 'ผู้ใหญ่', 'Let', ' ', ' ', 'care', ' ', 'Ketkham', '                  ']","['#โควิด19', '#หน้ากากอนามัย', '#สมุทรสาคร', '#ขาย', '#ข่าว', '#เป๋าตัง', '#อัมพวา']"
2021-02-09,"['วิธีการ', '  ', 'แอ', 'ป', '  ', 'เช็ก', 'ขั้นตอน', '  ', '  ', 'ใช้จ่าย', ' ']","['#เราชนะ', '#เป๋าตัง', '#บัตรสวัสดิการแห่งรัฐ', '#BUGABOOTV']"
2021-02-09,"[' ', 'กด', 'ลงทะเบียน', 'อะ', ' ', 'สิม', 'ชนะ', ' ', 'รู้', ' ']",['#เป๋าตัง']
2021-02-09,"[' ', 'ร้านค้า', ' ', 'พี่', 'แท็กซี่', ' ', 'พี่', 'วิน', 'มอเตอร์ไซค์', ' ', 'รับเงิน', ' ', '“”', ' ', 'ทำ', 'ดี', '   ', 'ชนะ', ' ', 'ใช้ได้', 'ที่ไหนบ้าง', ' ', 'วิธี', 'ใช้งาน', ' ', 'ชนะ', ' ', 'แอ', 'ปฯ', ' ', '•', 'ที่มา', ' ', 'Backbone', ' ', 'MCOT', ' ']","['#เราชนะ', '#เป๋าตัง', '#ถุงเงิน']"
2021-02-09,"['ทราบ', 'ไหม', 'ทำ', ' ', 'ลงทะเบียน', ' ', 'คนละ', 'ครึ่ง', ' ', 'สิทธิ', 'ตัวตน', ' ', 'แบบนี้', 'ตอน', 'ถ่าย', 'บัตร', ' ', 'ปชช', 'รอ', 'ข้อมูลเข้า', ' ', 'ทราบ', 'นะคะ', ' ', 'กลัว', ' ', '\u200d️', '   ']","['#เราชนะ', '#คนละครึ่ง', '#เป๋าตัง']"
